Id,When,Type,Unit,Alberta,ModifiedDate
156211,4/1/1983 12:00:00 AM,WTI,$US/bbl,30.5,2/24/2021 9:00:25 AM
156212,5/1/1983 12:00:00 AM,WTI,$US/bbl,30.16,2/24/2021 9:00:25 AM
156213,6/1/1983 12:00:00 AM,WTI,$US/bbl,30.96,2/24/2021 9:00:25 AM
156214,7/1/1983 12:00:00 AM,WTI,$US/bbl,31.59,2/24/2021 9:00:25 AM
156215,8/1/1983 12:00:00 AM,WTI,$US/bbl,31.88,2/24/2021 9:00:25 AM
156216,9/1/1983 12:00:00 AM,WTI,$US/bbl,31.24,2/24/2021 9:00:25 AM
156217,10/1/1983 12:00:00 AM,WTI,$US/bbl,30.4,2/24/2021 9:00:25 AM
156218,11/1/1983 12:00:00 AM,WTI,$US/bbl,29.86,2/24/2021 9:00:25 AM
156219,12/1/1983 12:00:00 AM,WTI,$US/bbl,29.24,2/24/2021 9:00:25 AM
156220,1/1/1984 12:00:00 AM,WTI,$US/bbl,29.65,2/24/2021 9:00:25 AM
156221,2/1/1984 12:00:00 AM,WTI,$US/bbl,30.05,2/24/2021 9:00:25 AM
156222,3/1/1984 12:00:00 AM,WTI,$US/bbl,30.72,2/24/2021 9:00:25 AM
156223,4/1/1984 12:00:00 AM,WTI,$US/bbl,30.65,2/24/2021 9:00:25 AM
156224,5/1/1984 12:00:00 AM,WTI,$US/bbl,30.55,2/24/2021 9:00:25 AM
156225,6/1/1984 12:00:00 AM,WTI,$US/bbl,29.98,2/24/2021 9:00:25 AM
156226,7/1/1984 12:00:00 AM,WTI,$US/bbl,28.74,2/24/2021 9:00:25 AM
156227,8/1/1984 12:00:00 AM,WTI,$US/bbl,29.33,2/24/2021 9:00:25 AM
156228,9/1/1984 12:00:00 AM,WTI,$US/bbl,29.38,2/24/2021 9:00:25 AM
156229,10/1/1984 12:00:00 AM,WTI,$US/bbl,28.8,2/24/2021 9:00:25 AM
156230,11/1/1984 12:00:00 AM,WTI,$US/bbl,28.11,2/24/2021 9:00:25 AM
156231,12/1/1984 12:00:00 AM,WTI,$US/bbl,26.91,2/24/2021 9:00:25 AM
156232,1/1/1985 12:00:00 AM,WTI,$US/bbl,25.64,2/24/2021 9:00:25 AM
156233,2/1/1985 12:00:00 AM,WTI,$US/bbl,27.14,2/24/2021 9:00:25 AM
156234,3/1/1985 12:00:00 AM,WTI,$US/bbl,28.12,2/24/2021 9:00:25 AM
156235,4/1/1985 12:00:00 AM,WTI,$US/bbl,28.71,2/24/2021 9:00:25 AM
156236,5/1/1985 12:00:00 AM,WTI,$US/bbl,27.58,2/24/2021 9:00:25 AM
156237,6/1/1985 12:00:00 AM,WTI,$US/bbl,27.09,2/24/2021 9:00:25 AM
156238,7/1/1985 12:00:00 AM,WTI,$US/bbl,27.27,2/24/2021 9:00:25 AM
156239,8/1/1985 12:00:00 AM,WTI,$US/bbl,27.74,2/24/2021 9:00:25 AM
156240,9/1/1985 12:00:00 AM,WTI,$US/bbl,28.22,2/24/2021 9:00:25 AM
156241,10/1/1985 12:00:00 AM,WTI,$US/bbl,29.48,2/24/2021 9:00:25 AM
156242,11/1/1985 12:00:00 AM,WTI,$US/bbl,30.73,2/24/2021 9:00:25 AM
156243,12/1/1985 12:00:00 AM,WTI,$US/bbl,27.15,2/24/2021 9:00:25 AM
156244,1/1/1986 12:00:00 AM,WTI,$US/bbl,22.98,2/24/2021 9:00:25 AM
156245,2/1/1986 12:00:00 AM,WTI,$US/bbl,15.46,2/24/2021 9:00:25 AM
156246,3/1/1986 12:00:00 AM,WTI,$US/bbl,12.62,2/24/2021 9:00:25 AM
156247,4/1/1986 12:00:00 AM,WTI,$US/bbl,12.75,2/24/2021 9:00:25 AM
156248,5/1/1986 12:00:00 AM,WTI,$US/bbl,15.26,2/24/2021 9:00:25 AM
156249,6/1/1986 12:00:00 AM,WTI,$US/bbl,13.38,2/24/2021 9:00:25 AM
156250,7/1/1986 12:00:00 AM,WTI,$US/bbl,11.58,2/24/2021 9:00:25 AM
156251,8/1/1986 12:00:00 AM,WTI,$US/bbl,15.11,2/24/2021 9:00:25 AM
156252,9/1/1986 12:00:00 AM,WTI,$US/bbl,14.94,2/24/2021 9:00:25 AM
156253,10/1/1986 12:00:00 AM,WTI,$US/bbl,14.89,2/24/2021 9:00:25 AM
156254,11/1/1986 12:00:00 AM,WTI,$US/bbl,15.23,2/24/2021 9:00:25 AM
156255,12/1/1986 12:00:00 AM,WTI,$US/bbl,16.09,2/24/2021 9:00:25 AM
156256,1/1/1987 12:00:00 AM,WTI,$US/bbl,18.67,2/24/2021 9:00:25 AM
156257,2/1/1987 12:00:00 AM,WTI,$US/bbl,17.73,2/24/2021 9:00:25 AM
156258,3/1/1987 12:00:00 AM,WTI,$US/bbl,18.28,2/24/2021 9:00:25 AM
156259,4/1/1987 12:00:00 AM,WTI,$US/bbl,18.6,2/24/2021 9:00:25 AM
156260,5/1/1987 12:00:00 AM,WTI,$US/bbl,19.33,2/24/2021 9:00:25 AM
156261,6/1/1987 12:00:00 AM,WTI,$US/bbl,19.99,2/24/2021 9:00:25 AM
156262,7/1/1987 12:00:00 AM,WTI,$US/bbl,21.33,2/24/2021 9:00:25 AM
156263,8/1/1987 12:00:00 AM,WTI,$US/bbl,20.23,2/24/2021 9:00:25 AM
156264,9/1/1987 12:00:00 AM,WTI,$US/bbl,19.52,2/24/2021 9:00:25 AM
156265,10/1/1987 12:00:00 AM,WTI,$US/bbl,19.86,2/24/2021 9:00:25 AM
156266,11/1/1987 12:00:00 AM,WTI,$US/bbl,18.85,2/24/2021 9:00:25 AM
156267,12/1/1987 12:00:00 AM,WTI,$US/bbl,17.26,2/24/2021 9:00:25 AM
156268,1/1/1988 12:00:00 AM,WTI,$US/bbl,17.15,2/24/2021 9:00:25 AM
156269,2/1/1988 12:00:00 AM,WTI,$US/bbl,16.76,2/24/2021 9:00:25 AM
156270,3/1/1988 12:00:00 AM,WTI,$US/bbl,16.21,2/24/2021 9:00:25 AM
156271,4/1/1988 12:00:00 AM,WTI,$US/bbl,17.88,2/24/2021 9:00:25 AM
156272,5/1/1988 12:00:00 AM,WTI,$US/bbl,17.45,2/24/2021 9:00:25 AM
156273,6/1/1988 12:00:00 AM,WTI,$US/bbl,16.56,2/24/2021 9:00:25 AM
156274,7/1/1988 12:00:00 AM,WTI,$US/bbl,15.51,2/24/2021 9:00:25 AM
156275,8/1/1988 12:00:00 AM,WTI,$US/bbl,15.53,2/24/2021 9:00:25 AM
156276,9/1/1988 12:00:00 AM,WTI,$US/bbl,14.46,2/24/2021 9:00:25 AM
156277,10/1/1988 12:00:00 AM,WTI,$US/bbl,13.8,2/24/2021 9:00:25 AM
156278,11/1/1988 12:00:00 AM,WTI,$US/bbl,13.98,2/24/2021 9:00:25 AM
156279,12/1/1988 12:00:00 AM,WTI,$US/bbl,16.28,2/24/2021 9:00:25 AM
156280,1/1/1989 12:00:00 AM,WTI,$US/bbl,17.98,2/24/2021 9:00:25 AM
156281,2/1/1989 12:00:00 AM,WTI,$US/bbl,17.82,2/24/2021 9:00:25 AM
156282,3/1/1989 12:00:00 AM,WTI,$US/bbl,19.44,2/24/2021 9:00:25 AM
156283,4/1/1989 12:00:00 AM,WTI,$US/bbl,20.94,2/24/2021 9:00:25 AM
156284,5/1/1989 12:00:00 AM,WTI,$US/bbl,20.03,2/24/2021 9:00:25 AM
156285,6/1/1989 12:00:00 AM,WTI,$US/bbl,19.99,2/24/2021 9:00:25 AM
156286,7/1/1989 12:00:00 AM,WTI,$US/bbl,19.66,2/24/2021 9:00:25 AM
156287,8/1/1989 12:00:00 AM,WTI,$US/bbl,18.55,2/24/2021 9:00:25 AM
156288,9/1/1989 12:00:00 AM,WTI,$US/bbl,19.59,2/24/2021 9:00:25 AM
156289,10/1/1989 12:00:00 AM,WTI,$US/bbl,20.1,2/24/2021 9:00:25 AM
156290,11/1/1989 12:00:00 AM,WTI,$US/bbl,19.83,2/24/2021 9:00:25 AM
156291,12/1/1989 12:00:00 AM,WTI,$US/bbl,21.09,2/24/2021 9:00:25 AM
156292,1/1/1990 12:00:00 AM,WTI,$US/bbl,22.64,2/24/2021 9:00:25 AM
156293,2/1/1990 12:00:00 AM,WTI,$US/bbl,22.11,2/24/2021 9:00:25 AM
156294,3/1/1990 12:00:00 AM,WTI,$US/bbl,20.41,2/24/2021 9:00:25 AM
156295,4/1/1990 12:00:00 AM,WTI,$US/bbl,18.58,2/24/2021 9:00:25 AM
156296,5/1/1990 12:00:00 AM,WTI,$US/bbl,18.46,2/24/2021 9:00:25 AM
156297,6/1/1990 12:00:00 AM,WTI,$US/bbl,16.86,2/24/2021 9:00:25 AM
156298,7/1/1990 12:00:00 AM,WTI,$US/bbl,18.64,2/24/2021 9:00:25 AM
156299,8/1/1990 12:00:00 AM,WTI,$US/bbl,27.18,2/24/2021 9:00:25 AM
156300,9/1/1990 12:00:00 AM,WTI,$US/bbl,33.69,2/24/2021 9:00:25 AM
156301,10/1/1990 12:00:00 AM,WTI,$US/bbl,35.92,2/24/2021 9:00:25 AM
156302,11/1/1990 12:00:00 AM,WTI,$US/bbl,32.3,2/24/2021 9:00:25 AM
156303,12/1/1990 12:00:00 AM,WTI,$US/bbl,27.16,2/24/2021 9:00:25 AM
156304,1/1/1991 12:00:00 AM,WTI,$US/bbl,24.7,2/24/2021 9:00:25 AM
156305,2/1/1991 12:00:00 AM,WTI,$US/bbl,20.54,2/24/2021 9:00:25 AM
156306,3/1/1991 12:00:00 AM,WTI,$US/bbl,19.88,2/24/2021 9:00:25 AM
156307,4/1/1991 12:00:00 AM,WTI,$US/bbl,20.82,2/24/2021 9:00:25 AM
156308,5/1/1991 12:00:00 AM,WTI,$US/bbl,21.25,2/24/2021 9:00:25 AM
156309,6/1/1991 12:00:00 AM,WTI,$US/bbl,20.2,2/24/2021 9:00:25 AM
156310,7/1/1991 12:00:00 AM,WTI,$US/bbl,21.43,2/24/2021 9:00:25 AM
156311,8/1/1991 12:00:00 AM,WTI,$US/bbl,21.68,2/24/2021 9:00:25 AM
156312,9/1/1991 12:00:00 AM,WTI,$US/bbl,21.86,2/24/2021 9:00:25 AM
156313,10/1/1991 12:00:00 AM,WTI,$US/bbl,23.23,2/24/2021 9:00:25 AM
156314,11/1/1991 12:00:00 AM,WTI,$US/bbl,22.43,2/24/2021 9:00:25 AM
156315,12/1/1991 12:00:00 AM,WTI,$US/bbl,19.53,2/24/2021 9:00:25 AM
156316,1/1/1992 12:00:00 AM,WTI,$US/bbl,18.82,2/24/2021 9:00:25 AM
156317,2/1/1992 12:00:00 AM,WTI,$US/bbl,19.01,2/24/2021 9:00:25 AM
156318,3/1/1992 12:00:00 AM,WTI,$US/bbl,18.95,2/24/2021 9:00:25 AM
156319,4/1/1992 12:00:00 AM,WTI,$US/bbl,20.26,2/24/2021 9:00:25 AM
156320,5/1/1992 12:00:00 AM,WTI,$US/bbl,21,2/24/2021 9:00:25 AM
156321,6/1/1992 12:00:00 AM,WTI,$US/bbl,22.36,2/24/2021 9:00:25 AM
156322,7/1/1992 12:00:00 AM,WTI,$US/bbl,21.74,2/24/2021 9:00:25 AM
156323,8/1/1992 12:00:00 AM,WTI,$US/bbl,21.29,2/24/2021 9:00:25 AM
156324,9/1/1992 12:00:00 AM,WTI,$US/bbl,21.92,2/24/2021 9:00:25 AM
156325,10/1/1992 12:00:00 AM,WTI,$US/bbl,21.71,2/24/2021 9:00:25 AM
156326,11/1/1992 12:00:00 AM,WTI,$US/bbl,20.36,2/24/2021 9:00:25 AM
156327,12/1/1992 12:00:00 AM,WTI,$US/bbl,19.41,2/24/2021 9:00:25 AM
156328,1/1/1993 12:00:00 AM,WTI,$US/bbl,19.07,2/24/2021 9:00:25 AM
156329,2/1/1993 12:00:00 AM,WTI,$US/bbl,20.08,2/24/2021 9:00:25 AM
156330,3/1/1993 12:00:00 AM,WTI,$US/bbl,20.35,2/24/2021 9:00:25 AM
156331,4/1/1993 12:00:00 AM,WTI,$US/bbl,20.33,2/24/2021 9:00:25 AM
156332,5/1/1993 12:00:00 AM,WTI,$US/bbl,19.98,2/24/2021 9:00:25 AM
156333,6/1/1993 12:00:00 AM,WTI,$US/bbl,19.13,2/24/2021 9:00:25 AM
156334,7/1/1993 12:00:00 AM,WTI,$US/bbl,17.9,2/24/2021 9:00:25 AM
156335,8/1/1993 12:00:00 AM,WTI,$US/bbl,18.01,2/24/2021 9:00:25 AM
156336,9/1/1993 12:00:00 AM,WTI,$US/bbl,17.52,2/24/2021 9:00:25 AM
156337,10/1/1993 12:00:00 AM,WTI,$US/bbl,18.17,2/24/2021 9:00:25 AM
156338,11/1/1993 12:00:00 AM,WTI,$US/bbl,16.74,2/24/2021 9:00:25 AM
156339,12/1/1993 12:00:00 AM,WTI,$US/bbl,14.53,2/24/2021 9:00:25 AM
156340,1/1/1994 12:00:00 AM,WTI,$US/bbl,15.02,2/24/2021 9:00:25 AM
156341,2/1/1994 12:00:00 AM,WTI,$US/bbl,14.78,2/24/2021 9:00:25 AM
156342,3/1/1994 12:00:00 AM,WTI,$US/bbl,14.65,2/24/2021 9:00:25 AM
156343,4/1/1994 12:00:00 AM,WTI,$US/bbl,16.33,2/24/2021 9:00:25 AM
156344,5/1/1994 12:00:00 AM,WTI,$US/bbl,17.83,2/24/2021 9:00:25 AM
156345,6/1/1994 12:00:00 AM,WTI,$US/bbl,19.07,2/24/2021 9:00:25 AM
156346,7/1/1994 12:00:00 AM,WTI,$US/bbl,19.66,2/24/2021 9:00:25 AM
156347,8/1/1994 12:00:00 AM,WTI,$US/bbl,18.38,2/24/2021 9:00:25 AM
156348,9/1/1994 12:00:00 AM,WTI,$US/bbl,17.47,2/24/2021 9:00:25 AM
156349,10/1/1994 12:00:00 AM,WTI,$US/bbl,17.71,2/24/2021 9:00:25 AM
156350,11/1/1994 12:00:00 AM,WTI,$US/bbl,18.1,2/24/2021 9:00:25 AM
156351,12/1/1994 12:00:00 AM,WTI,$US/bbl,17.16,2/24/2021 9:00:25 AM
156352,1/1/1995 12:00:00 AM,WTI,$US/bbl,17.99,2/24/2021 9:00:25 AM
156353,2/1/1995 12:00:00 AM,WTI,$US/bbl,18.53,2/24/2021 9:00:25 AM
156354,3/1/1995 12:00:00 AM,WTI,$US/bbl,18.55,2/24/2021 9:00:25 AM
156355,4/1/1995 12:00:00 AM,WTI,$US/bbl,19.89,2/24/2021 9:00:25 AM
156356,5/1/1995 12:00:00 AM,WTI,$US/bbl,19.74,2/24/2021 9:00:25 AM
156357,6/1/1995 12:00:00 AM,WTI,$US/bbl,18.4,2/24/2021 9:00:25 AM
156358,7/1/1995 12:00:00 AM,WTI,$US/bbl,17.26,2/24/2021 9:00:25 AM
156359,8/1/1995 12:00:00 AM,WTI,$US/bbl,17.81,2/24/2021 9:00:25 AM
156360,9/1/1995 12:00:00 AM,WTI,$US/bbl,18.21,2/24/2021 9:00:25 AM
156361,10/1/1995 12:00:00 AM,WTI,$US/bbl,17.4,2/24/2021 9:00:25 AM
156362,11/1/1995 12:00:00 AM,WTI,$US/bbl,18,2/24/2021 9:00:25 AM
156363,12/1/1995 12:00:00 AM,WTI,$US/bbl,19.04,2/24/2021 9:00:25 AM
156364,1/1/1996 12:00:00 AM,WTI,$US/bbl,18.7,2/24/2021 9:00:25 AM
156365,2/1/1996 12:00:00 AM,WTI,$US/bbl,18.78,2/24/2021 9:00:25 AM
156366,3/1/1996 12:00:00 AM,WTI,$US/bbl,21.18,2/24/2021 9:00:25 AM
156367,4/1/1996 12:00:00 AM,WTI,$US/bbl,23.3,2/24/2021 9:00:25 AM
156368,5/1/1996 12:00:00 AM,WTI,$US/bbl,21.09,2/24/2021 9:00:25 AM
156369,6/1/1996 12:00:00 AM,WTI,$US/bbl,20.43,2/24/2021 9:00:25 AM
156370,7/1/1996 12:00:00 AM,WTI,$US/bbl,21.25,2/24/2021 9:00:25 AM
156371,8/1/1996 12:00:00 AM,WTI,$US/bbl,21.91,2/24/2021 9:00:25 AM
156372,9/1/1996 12:00:00 AM,WTI,$US/bbl,23.93,2/24/2021 9:00:25 AM
156373,10/1/1996 12:00:00 AM,WTI,$US/bbl,24.9,2/24/2021 9:00:25 AM
156374,11/1/1996 12:00:00 AM,WTI,$US/bbl,23.55,2/24/2021 9:00:25 AM
156375,12/1/1996 12:00:00 AM,WTI,$US/bbl,25.12,2/24/2021 9:00:25 AM
156376,1/1/1997 12:00:00 AM,WTI,$US/bbl,25.18,2/24/2021 9:00:25 AM
156377,2/1/1997 12:00:00 AM,WTI,$US/bbl,22.17,2/24/2021 9:00:25 AM
156378,3/1/1997 12:00:00 AM,WTI,$US/bbl,20.97,2/24/2021 9:00:25 AM
156379,4/1/1997 12:00:00 AM,WTI,$US/bbl,19.73,2/24/2021 9:00:25 AM
156380,5/1/1997 12:00:00 AM,WTI,$US/bbl,20.87,2/24/2021 9:00:25 AM
156381,6/1/1997 12:00:00 AM,WTI,$US/bbl,19.22,2/24/2021 9:00:25 AM
156382,7/1/1997 12:00:00 AM,WTI,$US/bbl,19.66,2/24/2021 9:00:25 AM
156383,8/1/1997 12:00:00 AM,WTI,$US/bbl,19.95,2/24/2021 9:00:25 AM
156384,9/1/1997 12:00:00 AM,WTI,$US/bbl,19.78,2/24/2021 9:00:25 AM
156385,10/1/1997 12:00:00 AM,WTI,$US/bbl,21.28,2/24/2021 9:00:25 AM
156386,11/1/1997 12:00:00 AM,WTI,$US/bbl,20.22,2/24/2021 9:00:25 AM
156387,12/1/1997 12:00:00 AM,WTI,$US/bbl,18.32,2/24/2021 9:00:25 AM
156388,1/1/1998 12:00:00 AM,WTI,$US/bbl,16.73,2/24/2021 9:00:25 AM
156389,2/1/1998 12:00:00 AM,WTI,$US/bbl,16.08,2/24/2021 9:00:25 AM
156390,3/1/1998 12:00:00 AM,WTI,$US/bbl,15.04,2/24/2021 9:00:25 AM
156391,4/1/1998 12:00:00 AM,WTI,$US/bbl,15.46,2/24/2021 9:00:25 AM
156392,5/1/1998 12:00:00 AM,WTI,$US/bbl,14.93,2/24/2021 9:00:25 AM
156393,6/1/1998 12:00:00 AM,WTI,$US/bbl,13.67,2/24/2021 9:00:25 AM
156394,7/1/1998 12:00:00 AM,WTI,$US/bbl,14.09,2/24/2021 9:00:25 AM
156395,8/1/1998 12:00:00 AM,WTI,$US/bbl,13.38,2/24/2021 9:00:25 AM
156396,9/1/1998 12:00:00 AM,WTI,$US/bbl,14.97,2/24/2021 9:00:25 AM
156397,10/1/1998 12:00:00 AM,WTI,$US/bbl,14.42,2/24/2021 9:00:25 AM
156398,11/1/1998 12:00:00 AM,WTI,$US/bbl,13.04,2/24/2021 9:00:25 AM
156399,12/1/1998 12:00:00 AM,WTI,$US/bbl,11.31,2/24/2021 9:00:25 AM
156400,1/1/1999 12:00:00 AM,WTI,$US/bbl,12.49,2/24/2021 9:00:25 AM
156401,2/1/1999 12:00:00 AM,WTI,$US/bbl,12.02,2/24/2021 9:00:25 AM
156402,3/1/1999 12:00:00 AM,WTI,$US/bbl,14.68,2/24/2021 9:00:25 AM
156403,4/1/1999 12:00:00 AM,WTI,$US/bbl,17.3,2/24/2021 9:00:25 AM
156404,5/1/1999 12:00:00 AM,WTI,$US/bbl,17.77,2/24/2021 9:00:25 AM
156405,6/1/1999 12:00:00 AM,WTI,$US/bbl,17.92,2/24/2021 9:00:25 AM
156406,7/1/1999 12:00:00 AM,WTI,$US/bbl,20.1,2/24/2021 9:00:25 AM
156407,8/1/1999 12:00:00 AM,WTI,$US/bbl,21.28,2/24/2021 9:00:25 AM
156408,9/1/1999 12:00:00 AM,WTI,$US/bbl,23.79,2/24/2021 9:00:25 AM
156409,10/1/1999 12:00:00 AM,WTI,$US/bbl,22.67,2/24/2021 9:00:25 AM
156410,11/1/1999 12:00:00 AM,WTI,$US/bbl,24.77,2/24/2021 9:00:25 AM
156411,12/1/1999 12:00:00 AM,WTI,$US/bbl,26.09,2/24/2021 9:00:25 AM
156412,1/1/2000 12:00:00 AM,WTI,$US/bbl,27.01,2/24/2021 9:00:25 AM
156413,2/1/2000 12:00:00 AM,WTI,$US/bbl,29.3,2/24/2021 9:00:25 AM
156414,3/1/2000 12:00:00 AM,WTI,$US/bbl,29.89,2/24/2021 9:00:25 AM
156415,4/1/2000 12:00:00 AM,WTI,$US/bbl,25.54,2/24/2021 9:00:25 AM
156416,5/1/2000 12:00:00 AM,WTI,$US/bbl,28.81,2/24/2021 9:00:25 AM
156417,6/1/2000 12:00:00 AM,WTI,$US/bbl,31.53,2/24/2021 9:00:25 AM
156418,7/1/2000 12:00:00 AM,WTI,$US/bbl,29.72,2/24/2021 9:00:25 AM
156419,8/1/2000 12:00:00 AM,WTI,$US/bbl,31.14,2/24/2021 9:00:25 AM
156420,9/1/2000 12:00:00 AM,WTI,$US/bbl,33.87,2/24/2021 9:00:25 AM
156421,10/1/2000 12:00:00 AM,WTI,$US/bbl,32.93,2/24/2021 9:00:25 AM
156422,11/1/2000 12:00:00 AM,WTI,$US/bbl,34.26,2/24/2021 9:00:25 AM
156423,12/1/2000 12:00:00 AM,WTI,$US/bbl,28.4,2/24/2021 9:00:25 AM
156424,1/1/2001 12:00:00 AM,WTI,$US/bbl,29.26,2/24/2021 9:00:25 AM
156425,2/1/2001 12:00:00 AM,WTI,$US/bbl,29.64,2/24/2021 9:00:25 AM
156426,3/1/2001 12:00:00 AM,WTI,$US/bbl,27.27,2/24/2021 9:00:25 AM
156427,4/1/2001 12:00:00 AM,WTI,$US/bbl,27.62,2/24/2021 9:00:25 AM
156428,5/1/2001 12:00:00 AM,WTI,$US/bbl,28.68,2/24/2021 9:00:25 AM
156429,6/1/2001 12:00:00 AM,WTI,$US/bbl,27.59,2/24/2021 9:00:25 AM
156430,7/1/2001 12:00:00 AM,WTI,$US/bbl,26.47,2/24/2021 9:00:25 AM
156431,8/1/2001 12:00:00 AM,WTI,$US/bbl,27.31,2/24/2021 9:00:25 AM
156432,9/1/2001 12:00:00 AM,WTI,$US/bbl,25.69,2/24/2021 9:00:25 AM
156433,10/1/2001 12:00:00 AM,WTI,$US/bbl,22.21,2/24/2021 9:00:25 AM
156434,11/1/2001 12:00:00 AM,WTI,$US/bbl,19.67,2/24/2021 9:00:25 AM
156435,12/1/2001 12:00:00 AM,WTI,$US/bbl,19.4,2/24/2021 9:00:25 AM
156436,1/1/2002 12:00:00 AM,WTI,$US/bbl,19.73,2/24/2021 9:00:25 AM
156437,2/1/2002 12:00:00 AM,WTI,$US/bbl,20.76,2/24/2021 9:00:25 AM
156438,3/1/2002 12:00:00 AM,WTI,$US/bbl,24.44,2/24/2021 9:00:25 AM
156439,4/1/2002 12:00:00 AM,WTI,$US/bbl,26.26,2/24/2021 9:00:25 AM
156440,5/1/2002 12:00:00 AM,WTI,$US/bbl,26.95,2/24/2021 9:00:25 AM
156441,6/1/2002 12:00:00 AM,WTI,$US/bbl,25.55,2/24/2021 9:00:25 AM
156442,7/1/2002 12:00:00 AM,WTI,$US/bbl,26.94,2/24/2021 9:00:25 AM
156443,8/1/2002 12:00:00 AM,WTI,$US/bbl,28.2,2/24/2021 9:00:25 AM
156444,9/1/2002 12:00:00 AM,WTI,$US/bbl,29.67,2/24/2021 9:00:25 AM
156445,10/1/2002 12:00:00 AM,WTI,$US/bbl,28.86,2/24/2021 9:00:25 AM
156446,11/1/2002 12:00:00 AM,WTI,$US/bbl,26.19,2/24/2021 9:00:25 AM
156447,12/1/2002 12:00:00 AM,WTI,$US/bbl,29.39,2/24/2021 9:00:25 AM
156448,1/1/2003 12:00:00 AM,WTI,$US/bbl,32.7,2/24/2021 9:00:25 AM
156449,2/1/2003 12:00:00 AM,WTI,$US/bbl,35.73,2/24/2021 9:00:25 AM
156450,3/1/2003 12:00:00 AM,WTI,$US/bbl,33.16,2/24/2021 9:00:25 AM
156451,4/1/2003 12:00:00 AM,WTI,$US/bbl,28.14,2/24/2021 9:00:25 AM
156452,5/1/2003 12:00:00 AM,WTI,$US/bbl,28.07,2/24/2021 9:00:25 AM
156453,6/1/2003 12:00:00 AM,WTI,$US/bbl,30.52,2/24/2021 9:00:25 AM
156454,7/1/2003 12:00:00 AM,WTI,$US/bbl,30.7,2/24/2021 9:00:25 AM
156455,8/1/2003 12:00:00 AM,WTI,$US/bbl,31.6,2/24/2021 9:00:25 AM
156456,9/1/2003 12:00:00 AM,WTI,$US/bbl,28.31,2/24/2021 9:00:25 AM
156457,10/1/2003 12:00:00 AM,WTI,$US/bbl,30.35,2/24/2021 9:00:25 AM
156458,11/1/2003 12:00:00 AM,WTI,$US/bbl,31.06,2/24/2021 9:00:25 AM
156459,12/1/2003 12:00:00 AM,WTI,$US/bbl,32.14,2/24/2021 9:00:25 AM
156460,1/1/2004 12:00:00 AM,WTI,$US/bbl,34.22,2/24/2021 9:00:25 AM
156461,2/1/2004 12:00:00 AM,WTI,$US/bbl,34.5,2/24/2021 9:00:25 AM
156462,3/1/2004 12:00:00 AM,WTI,$US/bbl,36.72,2/24/2021 9:00:25 AM
156463,4/1/2004 12:00:00 AM,WTI,$US/bbl,36.62,2/24/2021 9:00:25 AM
156464,5/1/2004 12:00:00 AM,WTI,$US/bbl,40.28,2/24/2021 9:00:25 AM
156465,6/1/2004 12:00:00 AM,WTI,$US/bbl,38.05,2/24/2021 9:00:25 AM
156466,7/1/2004 12:00:00 AM,WTI,$US/bbl,40.81,2/24/2021 9:00:25 AM
156467,8/1/2004 12:00:00 AM,WTI,$US/bbl,44.88,2/24/2021 9:00:25 AM
156468,9/1/2004 12:00:00 AM,WTI,$US/bbl,45.94,2/24/2021 9:00:25 AM
156469,10/1/2004 12:00:00 AM,WTI,$US/bbl,53.09,2/24/2021 9:00:25 AM
156470,11/1/2004 12:00:00 AM,WTI,$US/bbl,48.48,2/24/2021 9:00:25 AM
156471,12/1/2004 12:00:00 AM,WTI,$US/bbl,43.26,2/24/2021 9:00:25 AM
156472,1/1/2005 12:00:00 AM,WTI,$US/bbl,46.85,2/24/2021 9:00:25 AM
156473,2/1/2005 12:00:00 AM,WTI,$US/bbl,48.05,2/24/2021 9:00:25 AM
156474,3/1/2005 12:00:00 AM,WTI,$US/bbl,54.63,2/24/2021 9:00:25 AM
156475,4/1/2005 12:00:00 AM,WTI,$US/bbl,53.22,2/24/2021 9:00:25 AM
156476,5/1/2005 12:00:00 AM,WTI,$US/bbl,49.87,2/24/2021 9:00:25 AM
156477,6/1/2005 12:00:00 AM,WTI,$US/bbl,56.42,2/24/2021 9:00:25 AM
156478,7/1/2005 12:00:00 AM,WTI,$US/bbl,59.03,2/24/2021 9:00:25 AM
156479,8/1/2005 12:00:00 AM,WTI,$US/bbl,64.99,2/24/2021 9:00:25 AM
156480,9/1/2005 12:00:00 AM,WTI,$US/bbl,65.55,2/24/2021 9:00:25 AM
156481,10/1/2005 12:00:00 AM,WTI,$US/bbl,62.27,2/24/2021 9:00:25 AM
156482,11/1/2005 12:00:00 AM,WTI,$US/bbl,58.34,2/24/2021 9:00:25 AM
156483,12/1/2005 12:00:00 AM,WTI,$US/bbl,59.45,2/24/2021 9:00:25 AM
156484,1/1/2006 12:00:00 AM,WTI,$US/bbl,65.54,2/24/2021 9:00:25 AM
156485,2/1/2006 12:00:00 AM,WTI,$US/bbl,61.93,2/24/2021 9:00:25 AM
156486,3/1/2006 12:00:00 AM,WTI,$US/bbl,62.97,2/24/2021 9:00:25 AM
156487,4/1/2006 12:00:00 AM,WTI,$US/bbl,70.16,2/24/2021 9:00:25 AM
156488,5/1/2006 12:00:00 AM,WTI,$US/bbl,70.96,2/24/2021 9:00:25 AM
156489,6/1/2006 12:00:00 AM,WTI,$US/bbl,70.97,2/24/2021 9:00:25 AM
156490,7/1/2006 12:00:00 AM,WTI,$US/bbl,74.46,2/24/2021 9:00:25 AM
156491,8/1/2006 12:00:00 AM,WTI,$US/bbl,73.08,2/24/2021 9:00:25 AM
156492,9/1/2006 12:00:00 AM,WTI,$US/bbl,63.9,2/24/2021 9:00:25 AM
156493,10/1/2006 12:00:00 AM,WTI,$US/bbl,59.14,2/24/2021 9:00:25 AM
156494,11/1/2006 12:00:00 AM,WTI,$US/bbl,59.4,2/24/2021 9:00:25 AM
156495,12/1/2006 12:00:00 AM,WTI,$US/bbl,62.09,2/24/2021 9:00:25 AM
156496,1/1/2007 12:00:00 AM,WTI,$US/bbl,54.35,2/24/2021 9:00:25 AM
156497,2/1/2007 12:00:00 AM,WTI,$US/bbl,59.39,2/24/2021 9:00:25 AM
156498,3/1/2007 12:00:00 AM,WTI,$US/bbl,60.74,2/24/2021 9:00:25 AM
156499,4/1/2007 12:00:00 AM,WTI,$US/bbl,64.04,2/24/2021 9:00:25 AM
156500,5/1/2007 12:00:00 AM,WTI,$US/bbl,63.53,2/24/2021 9:00:25 AM
156501,6/1/2007 12:00:00 AM,WTI,$US/bbl,67.53,2/24/2021 9:00:25 AM
156502,7/1/2007 12:00:00 AM,WTI,$US/bbl,74.15,2/24/2021 9:00:25 AM
156503,8/1/2007 12:00:00 AM,WTI,$US/bbl,72.36,2/24/2021 9:00:25 AM
156504,9/1/2007 12:00:00 AM,WTI,$US/bbl,79.63,2/24/2021 9:00:25 AM
156505,10/1/2007 12:00:00 AM,WTI,$US/bbl,85.66,2/24/2021 9:00:25 AM
156506,11/1/2007 12:00:00 AM,WTI,$US/bbl,94.63,2/24/2021 9:00:25 AM
156507,12/1/2007 12:00:00 AM,WTI,$US/bbl,91.74,2/24/2021 9:00:25 AM
156508,1/1/2008 12:00:00 AM,WTI,$US/bbl,92.93,2/24/2021 9:00:25 AM
156509,2/1/2008 12:00:00 AM,WTI,$US/bbl,95.35,2/24/2021 9:00:25 AM
156510,3/1/2008 12:00:00 AM,WTI,$US/bbl,105.42,2/24/2021 9:00:25 AM
156511,4/1/2008 12:00:00 AM,WTI,$US/bbl,112.46,2/24/2021 9:00:25 AM
156512,5/1/2008 12:00:00 AM,WTI,$US/bbl,125.46,2/24/2021 9:00:25 AM
156513,6/1/2008 12:00:00 AM,WTI,$US/bbl,134.02,2/24/2021 9:00:25 AM
156514,7/1/2008 12:00:00 AM,WTI,$US/bbl,133.48,2/24/2021 9:00:25 AM
156515,8/1/2008 12:00:00 AM,WTI,$US/bbl,116.69,2/24/2021 9:00:25 AM
156516,9/1/2008 12:00:00 AM,WTI,$US/bbl,103.76,2/24/2021 9:00:25 AM
156517,10/1/2008 12:00:00 AM,WTI,$US/bbl,76.72,2/24/2021 9:00:25 AM
156518,11/1/2008 12:00:00 AM,WTI,$US/bbl,57.44,2/24/2021 9:00:25 AM
156519,12/1/2008 12:00:00 AM,WTI,$US/bbl,42.04,2/24/2021 9:00:25 AM
156520,1/1/2009 12:00:00 AM,WTI,$US/bbl,41.92,2/24/2021 9:00:25 AM
156521,2/1/2009 12:00:00 AM,WTI,$US/bbl,39.26,2/24/2021 9:00:25 AM
156522,3/1/2009 12:00:00 AM,WTI,$US/bbl,48.06,2/24/2021 9:00:25 AM
156523,4/1/2009 12:00:00 AM,WTI,$US/bbl,49.95,2/24/2021 9:00:25 AM
156524,5/1/2009 12:00:00 AM,WTI,$US/bbl,59.21,2/24/2021 9:00:25 AM
156525,6/1/2009 12:00:00 AM,WTI,$US/bbl,69.7,2/24/2021 9:00:25 AM
156526,7/1/2009 12:00:00 AM,WTI,$US/bbl,64.29,2/24/2021 9:00:25 AM
156527,8/1/2009 12:00:00 AM,WTI,$US/bbl,71.14,2/24/2021 9:00:25 AM
156528,9/1/2009 12:00:00 AM,WTI,$US/bbl,69.47,2/24/2021 9:00:25 AM
156529,10/1/2009 12:00:00 AM,WTI,$US/bbl,75.82,2/24/2021 9:00:25 AM
156530,11/1/2009 12:00:00 AM,WTI,$US/bbl,78.15,2/24/2021 9:00:25 AM
156531,12/1/2009 12:00:00 AM,WTI,$US/bbl,74.6,2/24/2021 9:00:25 AM
156532,1/1/2010 12:00:00 AM,WTI,$US/bbl,78.4,2/24/2021 9:00:25 AM
156533,2/1/2010 12:00:00 AM,WTI,$US/bbl,76.45,2/24/2021 9:00:25 AM
156534,3/1/2010 12:00:00 AM,WTI,$US/bbl,81.29,2/24/2021 9:00:25 AM
156535,4/1/2010 12:00:00 AM,WTI,$US/bbl,84.58,2/24/2021 9:00:25 AM
156536,5/1/2010 12:00:00 AM,WTI,$US/bbl,74.12,2/24/2021 9:00:25 AM
156537,6/1/2010 12:00:00 AM,WTI,$US/bbl,75.41,2/24/2021 9:00:25 AM
156538,7/1/2010 12:00:00 AM,WTI,$US/bbl,76.38,2/24/2021 9:00:25 AM
156539,8/1/2010 12:00:00 AM,WTI,$US/bbl,76.67,2/24/2021 9:00:25 AM
156540,9/1/2010 12:00:00 AM,WTI,$US/bbl,75.55,2/24/2021 9:00:25 AM
156541,10/1/2010 12:00:00 AM,WTI,$US/bbl,81.95,2/24/2021 9:00:25 AM
156542,11/1/2010 12:00:00 AM,WTI,$US/bbl,84.32,2/24/2021 9:00:25 AM
156543,12/1/2010 12:00:00 AM,WTI,$US/bbl,89.23,2/24/2021 9:00:25 AM
156544,1/1/2011 12:00:00 AM,WTI,$US/bbl,89.58,2/24/2021 9:00:25 AM
156545,2/1/2011 12:00:00 AM,WTI,$US/bbl,89.74,2/24/2021 9:00:25 AM
156546,3/1/2011 12:00:00 AM,WTI,$US/bbl,102.98,2/24/2021 9:00:25 AM
156547,4/1/2011 12:00:00 AM,WTI,$US/bbl,110.04,2/24/2021 9:00:25 AM
156548,5/1/2011 12:00:00 AM,WTI,$US/bbl,101.36,2/24/2021 9:00:25 AM
156549,6/1/2011 12:00:00 AM,WTI,$US/bbl,96.29,2/24/2021 9:00:25 AM
156550,7/1/2011 12:00:00 AM,WTI,$US/bbl,97.34,2/24/2021 9:00:25 AM
156551,8/1/2011 12:00:00 AM,WTI,$US/bbl,86.34,2/24/2021 9:00:25 AM
156552,9/1/2011 12:00:00 AM,WTI,$US/bbl,85.61,2/24/2021 9:00:25 AM
156553,10/1/2011 12:00:00 AM,WTI,$US/bbl,86.43,2/24/2021 9:00:25 AM
156554,11/1/2011 12:00:00 AM,WTI,$US/bbl,97.16,2/24/2021 9:00:25 AM
156555,12/1/2011 12:00:00 AM,WTI,$US/bbl,98.58,2/24/2021 9:00:25 AM
156556,1/1/2012 12:00:00 AM,WTI,$US/bbl,100.32,2/24/2021 9:00:25 AM
156557,2/1/2012 12:00:00 AM,WTI,$US/bbl,102.26,2/24/2021 9:00:25 AM
156558,3/1/2012 12:00:00 AM,WTI,$US/bbl,106.21,2/24/2021 9:00:25 AM
156559,4/1/2012 12:00:00 AM,WTI,$US/bbl,103.35,2/24/2021 9:00:25 AM
156560,5/1/2012 12:00:00 AM,WTI,$US/bbl,94.72,2/24/2021 9:00:25 AM
156561,6/1/2012 12:00:00 AM,WTI,$US/bbl,82.41,2/24/2021 9:00:25 AM
156562,7/1/2012 12:00:00 AM,WTI,$US/bbl,87.93,2/24/2021 9:00:25 AM
156563,8/1/2012 12:00:00 AM,WTI,$US/bbl,94.16,2/24/2021 9:00:25 AM
156564,9/1/2012 12:00:00 AM,WTI,$US/bbl,94.56,2/24/2021 9:00:25 AM
156565,10/1/2012 12:00:00 AM,WTI,$US/bbl,89.57,2/24/2021 9:00:25 AM
156566,11/1/2012 12:00:00 AM,WTI,$US/bbl,86.73,2/24/2021 9:00:25 AM
156567,12/1/2012 12:00:00 AM,WTI,$US/bbl,88.25,2/24/2021 9:00:25 AM
156568,1/1/2013 12:00:00 AM,WTI,$US/bbl,94.83,2/24/2021 9:00:25 AM
156569,2/1/2013 12:00:00 AM,WTI,$US/bbl,95.32,2/24/2021 9:00:25 AM
156570,3/1/2013 12:00:00 AM,WTI,$US/bbl,92.96,2/24/2021 9:00:25 AM
156571,4/1/2013 12:00:00 AM,WTI,$US/bbl,92.07,2/24/2021 9:00:25 AM
156572,5/1/2013 12:00:00 AM,WTI,$US/bbl,94.8,2/24/2021 9:00:25 AM
156573,6/1/2013 12:00:00 AM,WTI,$US/bbl,95.8,2/24/2021 9:00:25 AM
156574,7/1/2013 12:00:00 AM,WTI,$US/bbl,104.7,2/24/2021 9:00:25 AM
156575,8/1/2013 12:00:00 AM,WTI,$US/bbl,106.54,2/24/2021 9:00:25 AM
156576,9/1/2013 12:00:00 AM,WTI,$US/bbl,106.24,2/24/2021 9:00:25 AM
156577,10/1/2013 12:00:00 AM,WTI,$US/bbl,100.55,2/24/2021 9:00:25 AM
156578,11/1/2013 12:00:00 AM,WTI,$US/bbl,93.93,2/24/2021 9:00:25 AM
156579,12/1/2013 12:00:00 AM,WTI,$US/bbl,97.89,2/24/2021 9:00:25 AM
156580,1/1/2014 12:00:00 AM,WTI,$US/bbl,94.86,2/24/2021 9:00:25 AM
156581,2/1/2014 12:00:00 AM,WTI,$US/bbl,100.68,2/24/2021 9:00:25 AM
156582,3/1/2014 12:00:00 AM,WTI,$US/bbl,100.51,2/24/2021 9:00:25 AM
156583,4/1/2014 12:00:00 AM,WTI,$US/bbl,102.04,2/24/2021 9:00:25 AM
156584,5/1/2014 12:00:00 AM,WTI,$US/bbl,101.8,2/24/2021 9:00:25 AM
156585,6/1/2014 12:00:00 AM,WTI,$US/bbl,105.15,2/24/2021 9:00:25 AM
156586,7/1/2014 12:00:00 AM,WTI,$US/bbl,102.39,2/24/2021 9:00:25 AM
156587,8/1/2014 12:00:00 AM,WTI,$US/bbl,96.08,2/24/2021 9:00:25 AM
156588,9/1/2014 12:00:00 AM,WTI,$US/bbl,93.03,2/24/2021 9:00:25 AM
156589,10/1/2014 12:00:00 AM,WTI,$US/bbl,84.34,2/24/2021 9:00:25 AM
156590,11/1/2014 12:00:00 AM,WTI,$US/bbl,75.81,2/24/2021 9:00:25 AM
156591,12/1/2014 12:00:00 AM,WTI,$US/bbl,59.29,2/24/2021 9:00:25 AM
156592,1/1/2015 12:00:00 AM,WTI,$US/bbl,47.22,2/24/2021 9:00:25 AM
156593,2/1/2015 12:00:00 AM,WTI,$US/bbl,50.58,2/24/2021 9:00:25 AM
156594,3/1/2015 12:00:00 AM,WTI,$US/bbl,47.82,2/24/2021 9:00:25 AM
156595,4/1/2015 12:00:00 AM,WTI,$US/bbl,54.45,2/24/2021 9:00:25 AM
156596,5/1/2015 12:00:00 AM,WTI,$US/bbl,59.27,2/24/2021 9:00:25 AM
156597,6/1/2015 12:00:00 AM,WTI,$US/bbl,59.82,2/24/2021 9:00:25 AM
156598,7/1/2015 12:00:00 AM,WTI,$US/bbl,50.9,2/24/2021 9:00:25 AM
156599,8/1/2015 12:00:00 AM,WTI,$US/bbl,42.87,2/24/2021 9:00:25 AM
156600,9/1/2015 12:00:00 AM,WTI,$US/bbl,45.48,2/24/2021 9:00:25 AM
156601,10/1/2015 12:00:00 AM,WTI,$US/bbl,46.22,2/24/2021 9:00:25 AM
156602,11/1/2015 12:00:00 AM,WTI,$US/bbl,42.44,2/24/2021 9:00:25 AM
156603,12/1/2015 12:00:00 AM,WTI,$US/bbl,37.19,2/24/2021 9:00:25 AM
156604,1/1/2016 12:00:00 AM,WTI,$US/bbl,31.68,2/24/2021 9:00:25 AM
156605,2/1/2016 12:00:00 AM,WTI,$US/bbl,30.32,2/24/2021 9:00:25 AM
156606,3/1/2016 12:00:00 AM,WTI,$US/bbl,37.55,2/24/2021 9:00:25 AM
156607,4/1/2016 12:00:00 AM,WTI,$US/bbl,40.75,2/24/2021 9:00:25 AM
156608,5/1/2016 12:00:00 AM,WTI,$US/bbl,46.71,2/24/2021 9:00:25 AM
156609,6/1/2016 12:00:00 AM,WTI,$US/bbl,48.76,2/24/2021 9:00:25 AM
156610,7/1/2016 12:00:00 AM,WTI,$US/bbl,44.65,2/24/2021 9:00:25 AM
156611,8/1/2016 12:00:00 AM,WTI,$US/bbl,44.72,2/24/2021 9:00:25 AM
156612,9/1/2016 12:00:00 AM,WTI,$US/bbl,45.18,2/24/2021 9:00:25 AM
156613,10/1/2016 12:00:00 AM,WTI,$US/bbl,49.78,2/24/2021 9:00:25 AM
156614,11/1/2016 12:00:00 AM,WTI,$US/bbl,45.66,2/24/2021 9:00:25 AM
156615,12/1/2016 12:00:00 AM,WTI,$US/bbl,51.97,2/24/2021 9:00:25 AM
156616,1/1/2017 12:00:00 AM,WTI,$US/bbl,52.5,2/24/2021 9:00:25 AM
156617,2/1/2017 12:00:00 AM,WTI,$US/bbl,53.47,2/24/2021 9:00:26 AM
156618,3/1/2017 12:00:00 AM,WTI,$US/bbl,49.33,2/24/2021 9:00:26 AM
156619,4/1/2017 12:00:00 AM,WTI,$US/bbl,51.06,2/24/2021 9:00:26 AM
156620,5/1/2017 12:00:00 AM,WTI,$US/bbl,48.48,2/24/2021 9:00:26 AM
156621,6/1/2017 12:00:00 AM,WTI,$US/bbl,45.18,2/24/2021 9:00:26 AM
156622,7/1/2017 12:00:00 AM,WTI,$US/bbl,46.63,2/24/2021 9:00:26 AM
156623,8/1/2017 12:00:00 AM,WTI,$US/bbl,48.04,2/24/2021 9:00:26 AM
156624,9/1/2017 12:00:00 AM,WTI,$US/bbl,49.82,2/24/2021 9:00:26 AM
156625,10/1/2017 12:00:00 AM,WTI,$US/bbl,51.58,2/24/2021 9:00:26 AM
156626,11/1/2017 12:00:00 AM,WTI,$US/bbl,56.64,2/24/2021 9:00:26 AM
156627,12/1/2017 12:00:00 AM,WTI,$US/bbl,57.95,2/24/2021 9:00:26 AM
156628,1/1/2018 12:00:00 AM,WTI,$US/bbl,63.55,2/24/2021 9:00:26 AM
156629,2/1/2018 12:00:00 AM,WTI,$US/bbl,62.16,2/24/2021 9:00:26 AM
156630,3/1/2018 12:00:00 AM,WTI,$US/bbl,62.87,2/24/2021 9:00:26 AM
156631,4/1/2018 12:00:00 AM,WTI,$US/bbl,66.33,2/24/2021 9:00:26 AM
156632,5/1/2018 12:00:00 AM,WTI,$US/bbl,69.89,2/24/2021 9:00:26 AM
156633,6/1/2018 12:00:00 AM,WTI,$US/bbl,67.32,2/24/2021 9:00:26 AM
156634,7/1/2018 12:00:00 AM,WTI,$US/bbl,70.74,2/24/2021 9:00:26 AM
156635,8/1/2018 12:00:00 AM,WTI,$US/bbl,67.85,2/24/2021 9:00:26 AM
156636,9/1/2018 12:00:00 AM,WTI,$US/bbl,70.07,2/24/2021 9:00:26 AM
156637,10/1/2018 12:00:00 AM,WTI,$US/bbl,70.76,2/24/2021 9:00:26 AM
156638,11/1/2018 12:00:00 AM,WTI,$US/bbl,56.96,2/24/2021 9:00:26 AM
156639,12/1/2018 12:00:00 AM,WTI,$US/bbl,49.52,2/24/2021 9:00:26 AM
156640,1/1/2019 12:00:00 AM,WTI,$US/bbl,51.38,2/24/2021 9:00:26 AM
156641,2/1/2019 12:00:00 AM,WTI,$US/bbl,54.95,2/24/2021 9:00:26 AM
156642,3/1/2019 12:00:00 AM,WTI,$US/bbl,58.15,2/24/2021 9:00:26 AM
156643,4/1/2019 12:00:00 AM,WTI,$US/bbl,63.86,2/24/2021 9:00:26 AM
156644,5/1/2019 12:00:00 AM,WTI,$US/bbl,60.83,2/24/2021 9:00:26 AM
156645,6/1/2019 12:00:00 AM,WTI,$US/bbl,54.66,2/24/2021 9:00:26 AM
156646,7/1/2019 12:00:00 AM,WTI,$US/bbl,57.35,2/24/2021 9:00:26 AM
156647,8/1/2019 12:00:00 AM,WTI,$US/bbl,54.81,2/24/2021 9:00:26 AM
156648,9/1/2019 12:00:00 AM,WTI,$US/bbl,56.95,2/24/2021 9:00:26 AM
156649,10/1/2019 12:00:00 AM,WTI,$US/bbl,53.96,2/24/2021 9:00:26 AM
156650,11/1/2019 12:00:00 AM,WTI,$US/bbl,57.03,2/24/2021 9:00:26 AM
156651,12/1/2019 12:00:00 AM,WTI,$US/bbl,59.88,2/24/2021 9:00:26 AM
156652,1/1/2020 12:00:00 AM,WTI,$US/bbl,57.68,2/24/2021 9:00:26 AM
156653,2/1/2020 12:00:00 AM,WTI,$US/bbl,50.62,2/24/2021 9:00:26 AM
156654,1/1/2005 12:00:00 AM,WCS,$US/bbl,29.42,2/24/2021 9:00:26 AM
156655,2/1/2005 12:00:00 AM,WCS,$US/bbl,28.44,2/24/2021 9:00:26 AM
156656,3/1/2005 12:00:00 AM,WCS,$US/bbl,36.5,2/24/2021 9:00:26 AM
156657,4/1/2005 12:00:00 AM,WCS,$US/bbl,31.02,2/24/2021 9:00:26 AM
156658,5/1/2005 12:00:00 AM,WCS,$US/bbl,27.46,2/24/2021 9:00:26 AM
156659,6/1/2005 12:00:00 AM,WCS,$US/bbl,38.16,2/24/2021 9:00:26 AM
156660,7/1/2005 12:00:00 AM,WCS,$US/bbl,44.78,2/24/2021 9:00:26 AM
156661,8/1/2005 12:00:00 AM,WCS,$US/bbl,48.29,2/24/2021 9:00:26 AM
156662,9/1/2005 12:00:00 AM,WCS,$US/bbl,42.13,2/24/2021 9:00:26 AM
156663,10/1/2005 12:00:00 AM,WCS,$US/bbl,41.52,2/24/2021 9:00:26 AM
156664,11/1/2005 12:00:00 AM,WCS,$US/bbl,34.34,2/24/2021 9:00:26 AM
156665,12/1/2005 12:00:00 AM,WCS,$US/bbl,32.78,2/24/2021 9:00:26 AM
156666,1/1/2006 12:00:00 AM,WCS,$US/bbl,38.8,2/24/2021 9:00:26 AM
156667,2/1/2006 12:00:00 AM,WCS,$US/bbl,28.68,2/24/2021 9:00:26 AM
156668,3/1/2006 12:00:00 AM,WCS,$US/bbl,36.77,2/24/2021 9:00:26 AM
156669,4/1/2006 12:00:00 AM,WCS,$US/bbl,52.02,2/24/2021 9:00:26 AM
156670,5/1/2006 12:00:00 AM,WCS,$US/bbl,57.29,2/24/2021 9:00:26 AM
156671,6/1/2006 12:00:00 AM,WCS,$US/bbl,51.63,2/24/2021 9:00:26 AM
156672,7/1/2006 12:00:00 AM,WCS,$US/bbl,57.93,2/24/2021 9:00:26 AM
156673,8/1/2006 12:00:00 AM,WCS,$US/bbl,55.83,2/24/2021 9:00:26 AM
156674,9/1/2006 12:00:00 AM,WCS,$US/bbl,41.56,2/24/2021 9:00:26 AM
156675,10/1/2006 12:00:00 AM,WCS,$US/bbl,36.9,2/24/2021 9:00:26 AM
156676,11/1/2006 12:00:00 AM,WCS,$US/bbl,39.17,2/24/2021 9:00:26 AM
156677,12/1/2006 12:00:00 AM,WCS,$US/bbl,43.9,2/24/2021 9:00:26 AM
156678,1/1/2007 12:00:00 AM,WCS,$US/bbl,38.05,2/24/2021 9:00:26 AM
156679,2/1/2007 12:00:00 AM,WCS,$US/bbl,44.43,2/24/2021 9:00:26 AM
156680,3/1/2007 12:00:00 AM,WCS,$US/bbl,45.6,2/24/2021 9:00:26 AM
156681,4/1/2007 12:00:00 AM,WCS,$US/bbl,44.03,2/24/2021 9:00:26 AM
156682,5/1/2007 12:00:00 AM,WCS,$US/bbl,46.33,2/24/2021 9:00:26 AM
156683,6/1/2007 12:00:00 AM,WCS,$US/bbl,47.19,2/24/2021 9:00:26 AM
156684,7/1/2007 12:00:00 AM,WCS,$US/bbl,53.06,2/24/2021 9:00:26 AM
156685,8/1/2007 12:00:00 AM,WCS,$US/bbl,52.76,2/24/2021 9:00:26 AM
156686,9/1/2007 12:00:00 AM,WCS,$US/bbl,53,2/24/2021 9:00:26 AM
156687,10/1/2007 12:00:00 AM,WCS,$US/bbl,54.69,2/24/2021 9:00:26 AM
156688,11/1/2007 12:00:00 AM,WCS,$US/bbl,66.29,2/24/2021 9:00:26 AM
156689,12/1/2007 12:00:00 AM,WCS,$US/bbl,50.02,2/24/2021 9:00:26 AM
156690,1/1/2008 12:00:00 AM,WCS,$US/bbl,68.72,2/24/2021 9:00:26 AM
156691,2/1/2008 12:00:00 AM,WCS,$US/bbl,71.75,2/24/2021 9:00:26 AM
156692,3/1/2008 12:00:00 AM,WCS,$US/bbl,88.87,2/24/2021 9:00:26 AM
156693,4/1/2008 12:00:00 AM,WCS,$US/bbl,94.64,2/24/2021 9:00:26 AM
156694,5/1/2008 12:00:00 AM,WCS,$US/bbl,104.28,2/24/2021 9:00:26 AM
156695,6/1/2008 12:00:00 AM,WCS,$US/bbl,108.15,2/24/2021 9:00:26 AM
156696,7/1/2008 12:00:00 AM,WCS,$US/bbl,114.95,2/24/2021 9:00:26 AM
156697,8/1/2008 12:00:00 AM,WCS,$US/bbl,101.1,2/24/2021 9:00:26 AM
156698,9/1/2008 12:00:00 AM,WCS,$US/bbl,83.87,2/24/2021 9:00:26 AM
156699,10/1/2008 12:00:00 AM,WCS,$US/bbl,58.08,2/24/2021 9:00:26 AM
156700,11/1/2008 12:00:00 AM,WCS,$US/bbl,37.54,2/24/2021 9:00:26 AM
156701,12/1/2008 12:00:00 AM,WCS,$US/bbl,23.18,2/24/2021 9:00:26 AM
156702,1/1/2009 12:00:00 AM,WCS,$US/bbl,29.97,2/24/2021 9:00:26 AM
156703,2/1/2009 12:00:00 AM,WCS,$US/bbl,31.71,2/24/2021 9:00:26 AM
156704,3/1/2009 12:00:00 AM,WCS,$US/bbl,40.76,2/24/2021 9:00:26 AM
156705,4/1/2009 12:00:00 AM,WCS,$US/bbl,43.76,2/24/2021 9:00:26 AM
156706,5/1/2009 12:00:00 AM,WCS,$US/bbl,51.64,2/24/2021 9:00:26 AM
156707,6/1/2009 12:00:00 AM,WCS,$US/bbl,61.18,2/24/2021 9:00:26 AM
156708,7/1/2009 12:00:00 AM,WCS,$US/bbl,54.45,2/24/2021 9:00:26 AM
156709,8/1/2009 12:00:00 AM,WCS,$US/bbl,60.57,2/24/2021 9:00:26 AM
156710,9/1/2009 12:00:00 AM,WCS,$US/bbl,59.52,2/24/2021 9:00:26 AM
156711,10/1/2009 12:00:00 AM,WCS,$US/bbl,65.29,2/24/2021 9:00:26 AM
156712,11/1/2009 12:00:00 AM,WCS,$US/bbl,65.04,2/24/2021 9:00:26 AM
156713,12/1/2009 12:00:00 AM,WCS,$US/bbl,61.89,2/24/2021 9:00:26 AM
156714,1/1/2010 12:00:00 AM,WCS,$US/bbl,69.28,2/24/2021 9:00:26 AM
156715,2/1/2010 12:00:00 AM,WCS,$US/bbl,67.91,2/24/2021 9:00:26 AM
156716,3/1/2010 12:00:00 AM,WCS,$US/bbl,71.82,2/24/2021 9:00:26 AM
156717,4/1/2010 12:00:00 AM,WCS,$US/bbl,72.02,2/24/2021 9:00:26 AM
156718,5/1/2010 12:00:00 AM,WCS,$US/bbl,57.49,2/24/2021 9:00:26 AM
156719,6/1/2010 12:00:00 AM,WCS,$US/bbl,62.33,2/24/2021 9:00:26 AM
156720,7/1/2010 12:00:00 AM,WCS,$US/bbl,64.28,2/24/2021 9:00:26 AM
156721,8/1/2010 12:00:00 AM,WCS,$US/bbl,61.93,2/24/2021 9:00:26 AM
156722,9/1/2010 12:00:00 AM,WCS,$US/bbl,55.44,2/24/2021 9:00:26 AM
156723,10/1/2010 12:00:00 AM,WCS,$US/bbl,56.72,2/24/2021 9:00:26 AM
156724,11/1/2010 12:00:00 AM,WCS,$US/bbl,69.56,2/24/2021 9:00:26 AM
156725,12/1/2010 12:00:00 AM,WCS,$US/bbl,74.89,2/24/2021 9:00:26 AM
156726,1/1/2011 12:00:00 AM,WCS,$US/bbl,71.18,2/24/2021 9:00:26 AM
156727,2/1/2011 12:00:00 AM,WCS,$US/bbl,63.42,2/24/2021 9:00:26 AM
156728,3/1/2011 12:00:00 AM,WCS,$US/bbl,79.13,2/24/2021 9:00:26 AM
156729,4/1/2011 12:00:00 AM,WCS,$US/bbl,89.69,2/24/2021 9:00:26 AM
156730,5/1/2011 12:00:00 AM,WCS,$US/bbl,85.66,2/24/2021 9:00:26 AM
156731,6/1/2011 12:00:00 AM,WCS,$US/bbl,79.42,2/24/2021 9:00:26 AM
156732,7/1/2011 12:00:00 AM,WCS,$US/bbl,78.31,2/24/2021 9:00:26 AM
156733,8/1/2011 12:00:00 AM,WCS,$US/bbl,66.51,2/24/2021 9:00:26 AM
156734,9/1/2011 12:00:00 AM,WCS,$US/bbl,71.6,2/24/2021 9:00:26 AM
156735,10/1/2011 12:00:00 AM,WCS,$US/bbl,76.54,2/24/2021 9:00:26 AM
156736,11/1/2011 12:00:00 AM,WCS,$US/bbl,87.32,2/24/2021 9:00:26 AM
156737,12/1/2011 12:00:00 AM,WCS,$US/bbl,86.86,2/24/2021 9:00:26 AM
156738,1/1/2012 12:00:00 AM,WCS,$US/bbl,86.47,2/24/2021 9:00:26 AM
156739,2/1/2012 12:00:00 AM,WCS,$US/bbl,83.04,2/24/2021 9:00:26 AM
156740,3/1/2012 12:00:00 AM,WCS,$US/bbl,75.01,2/24/2021 9:00:26 AM
156741,4/1/2012 12:00:00 AM,WCS,$US/bbl,70.4,2/24/2021 9:00:26 AM
156742,5/1/2012 12:00:00 AM,WCS,$US/bbl,75.1,2/24/2021 9:00:26 AM
156743,6/1/2012 12:00:00 AM,WCS,$US/bbl,66.37,2/24/2021 9:00:26 AM
156744,7/1/2012 12:00:00 AM,WCS,$US/bbl,64.28,2/24/2021 9:00:26 AM
156745,8/1/2012 12:00:00 AM,WCS,$US/bbl,69.03,2/24/2021 9:00:26 AM
156746,9/1/2012 12:00:00 AM,WCS,$US/bbl,78.17,2/24/2021 9:00:26 AM
156747,10/1/2012 12:00:00 AM,WCS,$US/bbl,79.88,2/24/2021 9:00:26 AM
156748,11/1/2012 12:00:00 AM,WCS,$US/bbl,72.47,2/24/2021 9:00:26 AM
156749,12/1/2012 12:00:00 AM,WCS,$US/bbl,57.87,2/24/2021 9:00:26 AM
156750,1/1/2013 12:00:00 AM,WCS,$US/bbl,62.11,2/24/2021 9:00:26 AM
156751,2/1/2013 12:00:00 AM,WCS,$US/bbl,58.4,2/24/2021 9:00:26 AM
156752,3/1/2013 12:00:00 AM,WCS,$US/bbl,66.72,2/24/2021 9:00:26 AM
156753,4/1/2013 12:00:00 AM,WCS,$US/bbl,68.87,2/24/2021 9:00:26 AM
156754,5/1/2013 12:00:00 AM,WCS,$US/bbl,80.93,2/24/2021 9:00:26 AM
156755,6/1/2013 12:00:00 AM,WCS,$US/bbl,75.39,2/24/2021 9:00:26 AM
156756,7/1/2013 12:00:00 AM,WCS,$US/bbl,90.5,2/24/2021 9:00:26 AM
156757,8/1/2013 12:00:00 AM,WCS,$US/bbl,90.97,2/24/2021 9:00:26 AM
156758,9/1/2013 12:00:00 AM,WCS,$US/bbl,83.57,2/24/2021 9:00:26 AM
156759,10/1/2013 12:00:00 AM,WCS,$US/bbl,74.21,2/24/2021 9:00:26 AM
156760,11/1/2013 12:00:00 AM,WCS,$US/bbl,62.62,2/24/2021 9:00:26 AM
156761,12/1/2013 12:00:00 AM,WCS,$US/bbl,58.95,2/24/2021 9:00:26 AM
156762,1/1/2014 12:00:00 AM,WCS,$US/bbl,65.69,2/24/2021 9:00:26 AM
156763,2/1/2014 12:00:00 AM,WCS,$US/bbl,81.54,2/24/2021 9:00:26 AM
156764,3/1/2014 12:00:00 AM,WCS,$US/bbl,79.42,2/24/2021 9:00:26 AM
156765,4/1/2014 12:00:00 AM,WCS,$US/bbl,79.56,2/24/2021 9:00:26 AM
156766,5/1/2014 12:00:00 AM,WCS,$US/bbl,82.72,2/24/2021 9:00:26 AM
156767,6/1/2014 12:00:00 AM,WCS,$US/bbl,86.56,2/24/2021 9:00:26 AM
156768,7/1/2014 12:00:00 AM,WCS,$US/bbl,82.73,2/24/2021 9:00:26 AM
156769,8/1/2014 12:00:00 AM,WCS,$US/bbl,73.89,2/24/2021 9:00:26 AM
156770,9/1/2014 12:00:00 AM,WCS,$US/bbl,74.35,2/24/2021 9:00:26 AM
156771,10/1/2014 12:00:00 AM,WCS,$US/bbl,70.6,2/24/2021 9:00:26 AM
156772,11/1/2014 12:00:00 AM,WCS,$US/bbl,62.87,2/24/2021 9:00:26 AM
156773,12/1/2014 12:00:00 AM,WCS,$US/bbl,43.24,2/24/2021 9:00:26 AM
156774,1/1/2015 12:00:00 AM,WCS,$US/bbl,30.43,2/24/2021 9:00:26 AM
156775,2/1/2015 12:00:00 AM,WCS,$US/bbl,36.52,2/24/2021 9:00:26 AM
156776,3/1/2015 12:00:00 AM,WCS,$US/bbl,34.76,2/24/2021 9:00:26 AM
156777,4/1/2015 12:00:00 AM,WCS,$US/bbl,40.26,2/24/2021 9:00:26 AM
156778,5/1/2015 12:00:00 AM,WCS,$US/bbl,47.5,2/24/2021 9:00:26 AM
156779,6/1/2015 12:00:00 AM,WCS,$US/bbl,51.29,2/24/2021 9:00:26 AM
156780,7/1/2015 12:00:00 AM,WCS,$US/bbl,43.49,2/24/2021 9:00:26 AM
156781,8/1/2015 12:00:00 AM,WCS,$US/bbl,29.48,2/24/2021 9:00:26 AM
156782,9/1/2015 12:00:00 AM,WCS,$US/bbl,26.5,2/24/2021 9:00:26 AM
156783,10/1/2015 12:00:00 AM,WCS,$US/bbl,32.78,2/24/2021 9:00:26 AM
156784,11/1/2015 12:00:00 AM,WCS,$US/bbl,27.78,2/24/2021 9:00:26 AM
156785,12/1/2015 12:00:00 AM,WCS,$US/bbl,22.51,2/24/2021 9:00:26 AM
156786,1/1/2016 12:00:00 AM,WCS,$US/bbl,17.88,2/24/2021 9:00:26 AM
156787,2/1/2016 12:00:00 AM,WCS,$US/bbl,16.3,2/24/2021 9:00:26 AM
156788,3/1/2016 12:00:00 AM,WCS,$US/bbl,23.46,2/24/2021 9:00:26 AM
156789,4/1/2016 12:00:00 AM,WCS,$US/bbl,27.88,2/24/2021 9:00:26 AM
156790,5/1/2016 12:00:00 AM,WCS,$US/bbl,32.52,2/24/2021 9:00:26 AM
156791,6/1/2016 12:00:00 AM,WCS,$US/bbl,36.47,2/24/2021 9:00:26 AM
156792,7/1/2016 12:00:00 AM,WCS,$US/bbl,32.8,2/24/2021 9:00:26 AM
156793,8/1/2016 12:00:00 AM,WCS,$US/bbl,30.9,2/24/2021 9:00:26 AM
156794,9/1/2016 12:00:00 AM,WCS,$US/bbl,30.62,2/24/2021 9:00:26 AM
156795,10/1/2016 12:00:00 AM,WCS,$US/bbl,35.83,2/24/2021 9:00:26 AM
156796,11/1/2016 12:00:00 AM,WCS,$US/bbl,31.89,2/24/2021 9:00:26 AM
156797,12/1/2016 12:00:00 AM,WCS,$US/bbl,37.18,2/24/2021 9:00:26 AM
156798,1/1/2017 12:00:00 AM,WCS,$US/bbl,37.19,2/24/2021 9:00:26 AM
156799,2/1/2017 12:00:00 AM,WCS,$US/bbl,39.14,2/24/2021 9:00:26 AM
156800,3/1/2017 12:00:00 AM,WCS,$US/bbl,35.68,2/24/2021 9:00:26 AM
156801,4/1/2017 12:00:00 AM,WCS,$US/bbl,36.84,2/24/2021 9:00:26 AM
156802,5/1/2017 12:00:00 AM,WCS,$US/bbl,38.84,2/24/2021 9:00:26 AM
156803,6/1/2017 12:00:00 AM,WCS,$US/bbl,35.8,2/24/2021 9:00:26 AM
156804,7/1/2017 12:00:00 AM,WCS,$US/bbl,36.37,2/24/2021 9:00:26 AM
156805,8/1/2017 12:00:00 AM,WCS,$US/bbl,38.5,2/24/2021 9:00:26 AM
156806,9/1/2017 12:00:00 AM,WCS,$US/bbl,39.93,2/24/2021 9:00:26 AM
156807,10/1/2017 12:00:00 AM,WCS,$US/bbl,39.87,2/24/2021 9:00:26 AM
156808,11/1/2017 12:00:00 AM,WCS,$US/bbl,45.52,2/24/2021 9:00:26 AM
156809,12/1/2017 12:00:00 AM,WCS,$US/bbl,44.02,2/24/2021 9:00:26 AM
156810,1/1/2018 12:00:00 AM,WCS,$US/bbl,42.53,2/24/2021 9:00:26 AM
156811,2/1/2018 12:00:00 AM,WCS,$US/bbl,37.72,2/24/2021 9:00:26 AM
156812,3/1/2018 12:00:00 AM,WCS,$US/bbl,35.53,2/24/2021 9:00:26 AM
156813,4/1/2018 12:00:00 AM,WCS,$US/bbl,40.47,2/24/2021 9:00:26 AM
156814,5/1/2018 12:00:00 AM,WCS,$US/bbl,53.25,2/24/2021 9:00:26 AM
156815,6/1/2018 12:00:00 AM,WCS,$US/bbl,52.1,2/24/2021 9:00:26 AM
156816,7/1/2018 12:00:00 AM,WCS,$US/bbl,52.83,2/24/2021 9:00:26 AM
156817,8/1/2018 12:00:00 AM,WCS,$US/bbl,48.55,2/24/2021 9:00:26 AM
156818,9/1/2018 12:00:00 AM,WCS,$US/bbl,40.37,2/24/2021 9:00:26 AM
156819,10/1/2018 12:00:00 AM,WCS,$US/bbl,41.15,2/24/2021 9:00:26 AM
156820,11/1/2018 12:00:00 AM,WCS,$US/bbl,11.03,2/24/2021 9:00:26 AM
156821,12/1/2018 12:00:00 AM,WCS,$US/bbl,5.97,2/24/2021 9:00:26 AM
156822,1/1/2019 12:00:00 AM,WCS,$US/bbl,34.3,2/24/2021 9:00:26 AM
156823,2/1/2019 12:00:00 AM,WCS,$US/bbl,45.33,2/24/2021 9:00:26 AM
156824,3/1/2019 12:00:00 AM,WCS,$US/bbl,48.21,2/24/2021 9:00:26 AM
156825,4/1/2019 12:00:00 AM,WCS,$US/bbl,53.25,2/24/2021 9:00:26 AM
156826,5/1/2019 12:00:00 AM,WCS,$US/bbl,52.44,2/24/2021 9:00:26 AM
156827,6/1/2019 12:00:00 AM,WCS,$US/bbl,41.74,2/24/2021 9:00:26 AM
156828,7/1/2019 12:00:00 AM,WCS,$US/bbl,44.7,2/24/2021 9:00:26 AM
156829,8/1/2019 12:00:00 AM,WCS,$US/bbl,43.1,2/24/2021 9:00:26 AM
156830,9/1/2019 12:00:00 AM,WCS,$US/bbl,44.84,2/24/2021 9:00:26 AM
156831,10/1/2019 12:00:00 AM,WCS,$US/bbl,41.96,2/24/2021 9:00:26 AM
156832,11/1/2019 12:00:00 AM,WCS,$US/bbl,42.32,2/24/2021 9:00:26 AM
156833,12/1/2019 12:00:00 AM,WCS,$US/bbl,39.11,2/24/2021 9:00:26 AM
156834,1/1/2020 12:00:00 AM,WCS,$US/bbl,36.82,2/24/2021 9:00:26 AM
156835,2/1/2020 12:00:00 AM,WCS,$US/bbl,27.28,2/24/2021 9:00:26 AM
156836,1/1/1988 12:00:00 AM,NatGas,$CDN/GJ,1.56,2/24/2021 9:00:26 AM
156837,2/1/1988 12:00:00 AM,NatGas,$CDN/GJ,1.63,2/24/2021 9:00:26 AM
156838,3/1/1988 12:00:00 AM,NatGas,$CDN/GJ,1.6,2/24/2021 9:00:26 AM
156839,4/1/1988 12:00:00 AM,NatGas,$CDN/GJ,1.53,2/24/2021 9:00:26 AM
156840,5/1/1988 12:00:00 AM,NatGas,$CDN/GJ,1.48,2/24/2021 9:00:26 AM
156841,6/1/1988 12:00:00 AM,NatGas,$CDN/GJ,1.46,2/24/2021 9:00:26 AM
156842,7/1/1988 12:00:00 AM,NatGas,$CDN/GJ,1.53,2/24/2021 9:00:26 AM
156843,8/1/1988 12:00:00 AM,NatGas,$CDN/GJ,1.53,2/24/2021 9:00:26 AM
156844,9/1/1988 12:00:00 AM,NatGas,$CDN/GJ,1.53,2/24/2021 9:00:26 AM
156845,10/1/1988 12:00:00 AM,NatGas,$CDN/GJ,1.55,2/24/2021 9:00:26 AM
156846,11/1/1988 12:00:00 AM,NatGas,$CDN/GJ,1.59,2/24/2021 9:00:26 AM
156847,12/1/1988 12:00:00 AM,NatGas,$CDN/GJ,1.61,2/24/2021 9:00:26 AM
156848,1/1/1989 12:00:00 AM,NatGas,$CDN/GJ,1.62,2/24/2021 9:00:26 AM
156849,2/1/1989 12:00:00 AM,NatGas,$CDN/GJ,1.62,2/24/2021 9:00:26 AM
156850,3/1/1989 12:00:00 AM,NatGas,$CDN/GJ,1.58,2/24/2021 9:00:26 AM
156851,4/1/1989 12:00:00 AM,NatGas,$CDN/GJ,1.55,2/24/2021 9:00:26 AM
156852,5/1/1989 12:00:00 AM,NatGas,$CDN/GJ,1.54,2/24/2021 9:00:26 AM
156853,6/1/1989 12:00:00 AM,NatGas,$CDN/GJ,1.5,2/24/2021 9:00:26 AM
156854,7/1/1989 12:00:00 AM,NatGas,$CDN/GJ,1.46,2/24/2021 9:00:26 AM
156855,8/1/1989 12:00:00 AM,NatGas,$CDN/GJ,1.46,2/24/2021 9:00:26 AM
156856,9/1/1989 12:00:00 AM,NatGas,$CDN/GJ,1.47,2/24/2021 9:00:26 AM
156857,10/1/1989 12:00:00 AM,NatGas,$CDN/GJ,1.47,2/24/2021 9:00:26 AM
156858,11/1/1989 12:00:00 AM,NatGas,$CDN/GJ,1.52,2/24/2021 9:00:26 AM
156859,12/1/1989 12:00:00 AM,NatGas,$CDN/GJ,1.55,2/24/2021 9:00:26 AM
156860,1/1/1990 12:00:00 AM,NatGas,$CDN/GJ,1.62,2/24/2021 9:00:26 AM
156861,2/1/1990 12:00:00 AM,NatGas,$CDN/GJ,1.64,2/24/2021 9:00:26 AM
156862,3/1/1990 12:00:00 AM,NatGas,$CDN/GJ,1.59,2/24/2021 9:00:26 AM
156863,4/1/1990 12:00:00 AM,NatGas,$CDN/GJ,1.53,2/24/2021 9:00:26 AM
156864,5/1/1990 12:00:00 AM,NatGas,$CDN/GJ,1.55,2/24/2021 9:00:26 AM
156865,6/1/1990 12:00:00 AM,NatGas,$CDN/GJ,1.5,2/24/2021 9:00:26 AM
156866,7/1/1990 12:00:00 AM,NatGas,$CDN/GJ,1.5,2/24/2021 9:00:26 AM
156867,8/1/1990 12:00:00 AM,NatGas,$CDN/GJ,1.48,2/24/2021 9:00:26 AM
156868,9/1/1990 12:00:00 AM,NatGas,$CDN/GJ,1.48,2/24/2021 9:00:26 AM
156869,10/1/1990 12:00:00 AM,NatGas,$CDN/GJ,1.52,2/24/2021 9:00:26 AM
156870,11/1/1990 12:00:00 AM,NatGas,$CDN/GJ,1.58,2/24/2021 9:00:26 AM
156871,12/1/1990 12:00:00 AM,NatGas,$CDN/GJ,1.64,2/24/2021 9:00:26 AM
156872,1/1/1991 12:00:00 AM,NatGas,$CDN/GJ,1.64,2/24/2021 9:00:26 AM
156873,2/1/1991 12:00:00 AM,NatGas,$CDN/GJ,1.59,2/24/2021 9:00:26 AM
156874,3/1/1991 12:00:00 AM,NatGas,$CDN/GJ,1.49,2/24/2021 9:00:26 AM
156875,4/1/1991 12:00:00 AM,NatGas,$CDN/GJ,1.42,2/24/2021 9:00:26 AM
156876,5/1/1991 12:00:00 AM,NatGas,$CDN/GJ,1.38,2/24/2021 9:00:26 AM
156877,6/1/1991 12:00:00 AM,NatGas,$CDN/GJ,1.3,2/24/2021 9:00:26 AM
156878,7/1/1991 12:00:00 AM,NatGas,$CDN/GJ,1.25,2/24/2021 9:00:26 AM
156879,8/1/1991 12:00:00 AM,NatGas,$CDN/GJ,1.18,2/24/2021 9:00:26 AM
156880,9/1/1991 12:00:00 AM,NatGas,$CDN/GJ,1.18,2/24/2021 9:00:26 AM
156881,10/1/1991 12:00:00 AM,NatGas,$CDN/GJ,1.22,2/24/2021 9:00:26 AM
156882,11/1/1991 12:00:00 AM,NatGas,$CDN/GJ,1.33,2/24/2021 9:00:26 AM
156883,12/1/1991 12:00:00 AM,NatGas,$CDN/GJ,1.36,2/24/2021 9:00:26 AM
156884,1/1/1992 12:00:00 AM,NatGas,$CDN/GJ,1.36,2/24/2021 9:00:26 AM
156885,2/1/1992 12:00:00 AM,NatGas,$CDN/GJ,1.26,2/24/2021 9:00:26 AM
156886,3/1/1992 12:00:00 AM,NatGas,$CDN/GJ,1.22,2/24/2021 9:00:26 AM
156887,4/1/1992 12:00:00 AM,NatGas,$CDN/GJ,1.24,2/24/2021 9:00:26 AM
156888,5/1/1992 12:00:00 AM,NatGas,$CDN/GJ,1.26,2/24/2021 9:00:26 AM
156889,6/1/1992 12:00:00 AM,NatGas,$CDN/GJ,1.28,2/24/2021 9:00:26 AM
156890,7/1/1992 12:00:00 AM,NatGas,$CDN/GJ,1.21,2/24/2021 9:00:26 AM
156891,8/1/1992 12:00:00 AM,NatGas,$CDN/GJ,1.28,2/24/2021 9:00:26 AM
156892,9/1/1992 12:00:00 AM,NatGas,$CDN/GJ,1.28,2/24/2021 9:00:26 AM
156893,10/1/1992 12:00:00 AM,NatGas,$CDN/GJ,1.45,2/24/2021 9:00:26 AM
156894,11/1/1992 12:00:00 AM,NatGas,$CDN/GJ,1.45,2/24/2021 9:00:26 AM
156895,12/1/1992 12:00:00 AM,NatGas,$CDN/GJ,1.44,2/24/2021 9:00:26 AM
156896,1/1/1993 12:00:00 AM,NatGas,$CDN/GJ,1.46,2/24/2021 9:00:26 AM
156897,2/1/1993 12:00:00 AM,NatGas,$CDN/GJ,1.42,2/24/2021 9:00:26 AM
156898,3/1/1993 12:00:00 AM,NatGas,$CDN/GJ,1.47,2/24/2021 9:00:26 AM
156899,4/1/1993 12:00:00 AM,NatGas,$CDN/GJ,1.53,2/24/2021 9:00:26 AM
156900,5/1/1993 12:00:00 AM,NatGas,$CDN/GJ,1.59,2/24/2021 9:00:26 AM
156901,6/1/1993 12:00:00 AM,NatGas,$CDN/GJ,1.56,2/24/2021 9:00:26 AM
156902,7/1/1993 12:00:00 AM,NatGas,$CDN/GJ,1.49,2/24/2021 9:00:26 AM
156903,8/1/1993 12:00:00 AM,NatGas,$CDN/GJ,1.5,2/24/2021 9:00:26 AM
156904,9/1/1993 12:00:00 AM,NatGas,$CDN/GJ,1.55,2/24/2021 9:00:26 AM
156905,10/1/1993 12:00:00 AM,NatGas,$CDN/GJ,1.56,2/24/2021 9:00:26 AM
156906,11/1/1993 12:00:00 AM,NatGas,$CDN/GJ,1.87,2/24/2021 9:00:26 AM
156907,12/1/1993 12:00:00 AM,NatGas,$CDN/GJ,1.94,2/24/2021 9:00:26 AM
156908,1/1/1994 12:00:00 AM,NatGas,$CDN/GJ,1.93,2/24/2021 9:00:26 AM
156909,2/1/1994 12:00:00 AM,NatGas,$CDN/GJ,2.04,2/24/2021 9:00:26 AM
156910,3/1/1994 12:00:00 AM,NatGas,$CDN/GJ,2.07,2/24/2021 9:00:26 AM
156911,4/1/1994 12:00:00 AM,NatGas,$CDN/GJ,1.82,2/24/2021 9:00:26 AM
156912,5/1/1994 12:00:00 AM,NatGas,$CDN/GJ,1.8,2/24/2021 9:00:26 AM
156913,6/1/1994 12:00:00 AM,NatGas,$CDN/GJ,1.66,2/24/2021 9:00:26 AM
156914,7/1/1994 12:00:00 AM,NatGas,$CDN/GJ,1.73,2/24/2021 9:00:26 AM
156915,8/1/1994 12:00:00 AM,NatGas,$CDN/GJ,1.66,2/24/2021 9:00:26 AM
156916,9/1/1994 12:00:00 AM,NatGas,$CDN/GJ,1.5,2/24/2021 9:00:26 AM
156917,10/1/1994 12:00:00 AM,NatGas,$CDN/GJ,1.35,2/24/2021 9:00:26 AM
156918,11/1/1994 12:00:00 AM,NatGas,$CDN/GJ,1.53,2/24/2021 9:00:26 AM
156919,12/1/1994 12:00:00 AM,NatGas,$CDN/GJ,1.56,2/24/2021 9:00:26 AM
156920,1/1/1995 12:00:00 AM,NatGas,$CDN/GJ,1.39,2/24/2021 9:00:26 AM
156921,2/1/1995 12:00:00 AM,NatGas,$CDN/GJ,1.25,2/24/2021 9:00:26 AM
156922,3/1/1995 12:00:00 AM,NatGas,$CDN/GJ,1.2,2/24/2021 9:00:26 AM
156923,4/1/1995 12:00:00 AM,NatGas,$CDN/GJ,1.19,2/24/2021 9:00:26 AM
156924,5/1/1995 12:00:00 AM,NatGas,$CDN/GJ,1.25,2/24/2021 9:00:26 AM
156925,6/1/1995 12:00:00 AM,NatGas,$CDN/GJ,1.27,2/24/2021 9:00:26 AM
156926,7/1/1995 12:00:00 AM,NatGas,$CDN/GJ,1.1,2/24/2021 9:00:26 AM
156927,8/1/1995 12:00:00 AM,NatGas,$CDN/GJ,1.07,2/24/2021 9:00:26 AM
156928,9/1/1995 12:00:00 AM,NatGas,$CDN/GJ,1.2,2/24/2021 9:00:26 AM
156929,10/1/1995 12:00:00 AM,NatGas,$CDN/GJ,1.25,2/24/2021 9:00:26 AM
156930,11/1/1995 12:00:00 AM,NatGas,$CDN/GJ,1.29,2/24/2021 9:00:26 AM
156931,12/1/1995 12:00:00 AM,NatGas,$CDN/GJ,1.39,2/24/2021 9:00:26 AM
156932,1/1/1996 12:00:00 AM,NatGas,$CDN/GJ,1.62,2/24/2021 9:00:26 AM
156933,2/1/1996 12:00:00 AM,NatGas,$CDN/GJ,1.61,2/24/2021 9:00:26 AM
156934,3/1/1996 12:00:00 AM,NatGas,$CDN/GJ,1.6,2/24/2021 9:00:26 AM
156935,4/1/1996 12:00:00 AM,NatGas,$CDN/GJ,1.51,2/24/2021 9:00:26 AM
156936,5/1/1996 12:00:00 AM,NatGas,$CDN/GJ,1.41,2/24/2021 9:00:26 AM
156937,6/1/1996 12:00:00 AM,NatGas,$CDN/GJ,1.37,2/24/2021 9:00:26 AM
156938,7/1/1996 12:00:00 AM,NatGas,$CDN/GJ,1.38,2/24/2021 9:00:26 AM
156939,8/1/1996 12:00:00 AM,NatGas,$CDN/GJ,1.38,2/24/2021 9:00:26 AM
156940,9/1/1996 12:00:00 AM,NatGas,$CDN/GJ,1.2,2/24/2021 9:00:26 AM
156941,10/1/1996 12:00:00 AM,NatGas,$CDN/GJ,1.28,2/24/2021 9:00:26 AM
156942,11/1/1996 12:00:00 AM,NatGas,$CDN/GJ,1.79,2/24/2021 9:00:26 AM
156943,12/1/1996 12:00:00 AM,NatGas,$CDN/GJ,2.36,2/24/2021 9:00:26 AM
156944,1/1/1997 12:00:00 AM,NatGas,$CDN/GJ,2.77,2/24/2021 9:00:26 AM
156945,2/1/1997 12:00:00 AM,NatGas,$CDN/GJ,2.28,2/24/2021 9:00:26 AM
156946,3/1/1997 12:00:00 AM,NatGas,$CDN/GJ,1.39,2/24/2021 9:00:26 AM
156947,4/1/1997 12:00:00 AM,NatGas,$CDN/GJ,1.44,2/24/2021 9:00:26 AM
156948,5/1/1997 12:00:00 AM,NatGas,$CDN/GJ,1.57,2/24/2021 9:00:26 AM
156949,6/1/1997 12:00:00 AM,NatGas,$CDN/GJ,1.65,2/24/2021 9:00:26 AM
156950,7/1/1997 12:00:00 AM,NatGas,$CDN/GJ,1.59,2/24/2021 9:00:26 AM
156951,8/1/1997 12:00:00 AM,NatGas,$CDN/GJ,1.57,2/24/2021 9:00:26 AM
156952,9/1/1997 12:00:00 AM,NatGas,$CDN/GJ,1.73,2/24/2021 9:00:26 AM
156953,10/1/1997 12:00:00 AM,NatGas,$CDN/GJ,2.07,2/24/2021 9:00:26 AM
156954,11/1/1997 12:00:00 AM,NatGas,$CDN/GJ,2.37,2/24/2021 9:00:26 AM
156955,12/1/1997 12:00:00 AM,NatGas,$CDN/GJ,1.95,2/24/2021 9:00:26 AM
156956,1/1/1998 12:00:00 AM,NatGas,$CDN/GJ,1.8,2/24/2021 9:00:26 AM
156957,2/1/1998 12:00:00 AM,NatGas,$CDN/GJ,1.73,2/24/2021 9:00:26 AM
156958,3/1/1998 12:00:00 AM,NatGas,$CDN/GJ,1.71,2/24/2021 9:00:26 AM
156959,4/1/1998 12:00:00 AM,NatGas,$CDN/GJ,1.84,2/24/2021 9:00:26 AM
156960,5/1/1998 12:00:00 AM,NatGas,$CDN/GJ,1.84,2/24/2021 9:00:26 AM
156961,6/1/1998 12:00:00 AM,NatGas,$CDN/GJ,1.71,2/24/2021 9:00:26 AM
156962,7/1/1998 12:00:00 AM,NatGas,$CDN/GJ,1.83,2/24/2021 9:00:26 AM
156963,8/1/1998 12:00:00 AM,NatGas,$CDN/GJ,1.78,2/24/2021 9:00:26 AM
156964,9/1/1998 12:00:00 AM,NatGas,$CDN/GJ,1.56,2/24/2021 9:00:26 AM
156965,10/1/1998 12:00:00 AM,NatGas,$CDN/GJ,1.86,2/24/2021 9:00:26 AM
156966,11/1/1998 12:00:00 AM,NatGas,$CDN/GJ,2.19,2/24/2021 9:00:26 AM
156967,12/1/1998 12:00:00 AM,NatGas,$CDN/GJ,2.22,2/24/2021 9:00:26 AM
156968,1/1/1999 12:00:00 AM,NatGas,$CDN/GJ,2.04,2/24/2021 9:00:26 AM
156969,2/1/1999 12:00:00 AM,NatGas,$CDN/GJ,1.9,2/24/2021 9:00:26 AM
156970,3/1/1999 12:00:00 AM,NatGas,$CDN/GJ,1.8,2/24/2021 9:00:26 AM
156971,4/1/1999 12:00:00 AM,NatGas,$CDN/GJ,1.9,2/24/2021 9:00:26 AM
156972,5/1/1999 12:00:00 AM,NatGas,$CDN/GJ,2.21,2/24/2021 9:00:26 AM
156973,6/1/1999 12:00:00 AM,NatGas,$CDN/GJ,2.22,2/24/2021 9:00:26 AM
156974,7/1/1999 12:00:00 AM,NatGas,$CDN/GJ,2.33,2/24/2021 9:00:26 AM
156975,8/1/1999 12:00:00 AM,NatGas,$CDN/GJ,2.6,2/24/2021 9:00:26 AM
156976,9/1/1999 12:00:00 AM,NatGas,$CDN/GJ,2.86,2/24/2021 9:00:26 AM
156977,10/1/1999 12:00:00 AM,NatGas,$CDN/GJ,2.72,2/24/2021 9:00:26 AM
156978,11/1/1999 12:00:00 AM,NatGas,$CDN/GJ,3.06,2/24/2021 9:00:26 AM
156979,12/1/1999 12:00:00 AM,NatGas,$CDN/GJ,2.54,2/24/2021 9:00:26 AM
156980,1/1/2000 12:00:00 AM,NatGas,$CDN/GJ,2.5,2/24/2021 9:00:26 AM
156981,2/1/2000 12:00:00 AM,NatGas,$CDN/GJ,2.62,2/24/2021 9:00:26 AM
156982,3/1/2000 12:00:00 AM,NatGas,$CDN/GJ,2.72,2/24/2021 9:00:26 AM
156983,4/1/2000 12:00:00 AM,NatGas,$CDN/GJ,3.1,2/24/2021 9:00:26 AM
156984,5/1/2000 12:00:00 AM,NatGas,$CDN/GJ,3.35,2/24/2021 9:00:26 AM
156985,6/1/2000 12:00:00 AM,NatGas,$CDN/GJ,4.33,2/24/2021 9:00:26 AM
156986,7/1/2000 12:00:00 AM,NatGas,$CDN/GJ,4.42,2/24/2021 9:00:26 AM
156987,8/1/2000 12:00:00 AM,NatGas,$CDN/GJ,3.93,2/24/2021 9:00:26 AM
156988,9/1/2000 12:00:00 AM,NatGas,$CDN/GJ,4.66,2/24/2021 9:00:26 AM
156989,10/1/2000 12:00:00 AM,NatGas,$CDN/GJ,5.53,2/24/2021 9:00:26 AM
156990,11/1/2000 12:00:00 AM,NatGas,$CDN/GJ,5.79,2/24/2021 9:00:26 AM
156991,12/1/2000 12:00:00 AM,NatGas,$CDN/GJ,8.28,2/24/2021 9:00:26 AM
156992,1/1/2001 12:00:00 AM,NatGas,$CDN/GJ,11.21,2/24/2021 9:00:26 AM
156993,2/1/2001 12:00:00 AM,NatGas,$CDN/GJ,8.05,2/24/2021 9:00:26 AM
156994,3/1/2001 12:00:00 AM,NatGas,$CDN/GJ,6.48,2/24/2021 9:00:26 AM
156995,4/1/2001 12:00:00 AM,NatGas,$CDN/GJ,6.59,2/24/2021 9:00:26 AM
156996,5/1/2001 12:00:00 AM,NatGas,$CDN/GJ,5.74,2/24/2021 9:00:26 AM
156997,6/1/2001 12:00:00 AM,NatGas,$CDN/GJ,4.44,2/24/2021 9:00:26 AM
156998,7/1/2001 12:00:00 AM,NatGas,$CDN/GJ,3.75,2/24/2021 9:00:26 AM
156999,8/1/2001 12:00:00 AM,NatGas,$CDN/GJ,3.53,2/24/2021 9:00:26 AM
157000,9/1/2001 12:00:00 AM,NatGas,$CDN/GJ,2.76,2/24/2021 9:00:26 AM
157001,10/1/2001 12:00:00 AM,NatGas,$CDN/GJ,2.4,2/24/2021 9:00:26 AM
157002,11/1/2001 12:00:00 AM,NatGas,$CDN/GJ,3.33,2/24/2021 9:00:26 AM
157003,12/1/2001 12:00:00 AM,NatGas,$CDN/GJ,3.2,2/24/2021 9:00:26 AM
157004,1/1/2002 12:00:00 AM,NatGas,$CDN/GJ,3.17,2/24/2021 9:00:26 AM
157005,2/1/2002 12:00:00 AM,NatGas,$CDN/GJ,2.71,2/24/2021 9:00:26 AM
157006,3/1/2002 12:00:00 AM,NatGas,$CDN/GJ,3.23,2/24/2021 9:00:26 AM
157007,4/1/2002 12:00:00 AM,NatGas,$CDN/GJ,3.91,2/24/2021 9:00:26 AM
157008,5/1/2002 12:00:00 AM,NatGas,$CDN/GJ,3.91,2/24/2021 9:00:26 AM
157009,6/1/2002 12:00:00 AM,NatGas,$CDN/GJ,3.54,2/24/2021 9:00:26 AM
157010,7/1/2002 12:00:00 AM,NatGas,$CDN/GJ,3.17,2/24/2021 9:00:26 AM
157011,8/1/2002 12:00:00 AM,NatGas,$CDN/GJ,2.93,2/24/2021 9:00:26 AM
157012,9/1/2002 12:00:00 AM,NatGas,$CDN/GJ,3.51,2/24/2021 9:00:26 AM
157013,10/1/2002 12:00:00 AM,NatGas,$CDN/GJ,4.27,2/24/2021 9:00:26 AM
157014,11/1/2002 12:00:00 AM,NatGas,$CDN/GJ,4.85,2/24/2021 9:00:26 AM
157015,12/1/2002 12:00:00 AM,NatGas,$CDN/GJ,4.94,2/24/2021 9:00:26 AM
157016,1/1/2003 12:00:00 AM,NatGas,$CDN/GJ,5.88,2/24/2021 9:00:26 AM
157017,2/1/2003 12:00:00 AM,NatGas,$CDN/GJ,6.83,2/24/2021 9:00:26 AM
157018,3/1/2003 12:00:00 AM,NatGas,$CDN/GJ,8.94,2/24/2021 9:00:26 AM
157019,4/1/2003 12:00:00 AM,NatGas,$CDN/GJ,5.88,2/24/2021 9:00:26 AM
157020,5/1/2003 12:00:00 AM,NatGas,$CDN/GJ,5.73,2/24/2021 9:00:26 AM
157021,6/1/2003 12:00:00 AM,NatGas,$CDN/GJ,5.93,2/24/2021 9:00:26 AM
157022,7/1/2003 12:00:00 AM,NatGas,$CDN/GJ,5.58,2/24/2021 9:00:26 AM
157023,8/1/2003 12:00:00 AM,NatGas,$CDN/GJ,5.08,2/24/2021 9:00:26 AM
157024,9/1/2003 12:00:00 AM,NatGas,$CDN/GJ,5.19,2/24/2021 9:00:26 AM
157025,10/1/2003 12:00:00 AM,NatGas,$CDN/GJ,4.92,2/24/2021 9:00:26 AM
157026,11/1/2003 12:00:00 AM,NatGas,$CDN/GJ,4.6,2/24/2021 9:00:26 AM
157027,12/1/2003 12:00:00 AM,NatGas,$CDN/GJ,5.11,2/24/2021 9:00:26 AM
157028,1/1/2004 12:00:00 AM,NatGas,$CDN/GJ,6.1,2/24/2021 9:00:26 AM
157029,2/1/2004 12:00:00 AM,NatGas,$CDN/GJ,5.83,2/24/2021 9:00:26 AM
157030,3/1/2004 12:00:00 AM,NatGas,$CDN/GJ,5.49,2/24/2021 9:00:26 AM
157031,4/1/2004 12:00:00 AM,NatGas,$CDN/GJ,5.64,2/24/2021 9:00:26 AM
157032,5/1/2004 12:00:00 AM,NatGas,$CDN/GJ,6.28,2/24/2021 9:00:26 AM
157033,6/1/2004 12:00:00 AM,NatGas,$CDN/GJ,6.47,2/24/2021 9:00:26 AM
157034,7/1/2004 12:00:00 AM,NatGas,$CDN/GJ,6.17,2/24/2021 9:00:26 AM
157035,8/1/2004 12:00:00 AM,NatGas,$CDN/GJ,5.99,2/24/2021 9:00:26 AM
157036,9/1/2004 12:00:00 AM,NatGas,$CDN/GJ,5.21,2/24/2021 9:00:26 AM
157037,10/1/2004 12:00:00 AM,NatGas,$CDN/GJ,5.29,2/24/2021 9:00:26 AM
157038,11/1/2004 12:00:00 AM,NatGas,$CDN/GJ,6.58,2/24/2021 9:00:26 AM
157039,12/1/2004 12:00:00 AM,NatGas,$CDN/GJ,6.7,2/24/2021 9:00:26 AM
157040,1/1/2005 12:00:00 AM,NatGas,$CDN/GJ,6.02,2/24/2021 9:00:26 AM
157041,2/1/2005 12:00:00 AM,NatGas,$CDN/GJ,5.94,2/24/2021 9:00:26 AM
157042,3/1/2005 12:00:00 AM,NatGas,$CDN/GJ,6.3,2/24/2021 9:00:26 AM
157043,4/1/2005 12:00:00 AM,NatGas,$CDN/GJ,6.79,2/24/2021 9:00:26 AM
157044,5/1/2005 12:00:00 AM,NatGas,$CDN/GJ,6.51,2/24/2021 9:00:26 AM
157045,6/1/2005 12:00:00 AM,NatGas,$CDN/GJ,6.34,2/24/2021 9:00:26 AM
157046,7/1/2005 12:00:00 AM,NatGas,$CDN/GJ,6.87,2/24/2021 9:00:26 AM
157047,8/1/2005 12:00:00 AM,NatGas,$CDN/GJ,7.45,2/24/2021 9:00:26 AM
157048,9/1/2005 12:00:00 AM,NatGas,$CDN/GJ,9.46,2/24/2021 9:00:26 AM
157049,10/1/2005 12:00:00 AM,NatGas,$CDN/GJ,11.38,2/24/2021 9:00:26 AM
157050,11/1/2005 12:00:00 AM,NatGas,$CDN/GJ,10.81,2/24/2021 9:00:26 AM
157051,12/1/2005 12:00:00 AM,NatGas,$CDN/GJ,10.54,2/24/2021 9:00:26 AM
157052,1/1/2006 12:00:00 AM,NatGas,$CDN/GJ,9.52,2/24/2021 9:00:26 AM
157053,2/1/2006 12:00:00 AM,NatGas,$CDN/GJ,7.38,2/24/2021 9:00:26 AM
157054,3/1/2006 12:00:00 AM,NatGas,$CDN/GJ,6.47,2/24/2021 9:00:26 AM
157055,4/1/2006 12:00:00 AM,NatGas,$CDN/GJ,6.18,2/24/2021 9:00:26 AM
157056,5/1/2006 12:00:00 AM,NatGas,$CDN/GJ,5.71,2/24/2021 9:00:26 AM
157057,6/1/2006 12:00:00 AM,NatGas,$CDN/GJ,5.29,2/24/2021 9:00:26 AM
157058,7/1/2006 12:00:00 AM,NatGas,$CDN/GJ,5.22,2/24/2021 9:00:26 AM
157059,8/1/2006 12:00:00 AM,NatGas,$CDN/GJ,5.84,2/24/2021 9:00:26 AM
157060,9/1/2006 12:00:00 AM,NatGas,$CDN/GJ,5.12,2/24/2021 9:00:26 AM
157061,10/1/2006 12:00:00 AM,NatGas,$CDN/GJ,4.4,2/24/2021 9:00:26 AM
157062,11/1/2006 12:00:00 AM,NatGas,$CDN/GJ,6.51,2/24/2021 9:00:26 AM
157063,12/1/2006 12:00:00 AM,NatGas,$CDN/GJ,7.05,2/24/2021 9:00:26 AM
157064,1/1/2007 12:00:00 AM,NatGas,$CDN/GJ,6.27,2/24/2021 9:00:26 AM
157065,2/1/2007 12:00:00 AM,NatGas,$CDN/GJ,6.82,2/24/2021 9:00:26 AM
157066,3/1/2007 12:00:00 AM,NatGas,$CDN/GJ,6.92,2/24/2021 9:00:26 AM
157067,4/1/2007 12:00:00 AM,NatGas,$CDN/GJ,6.74,2/24/2021 9:00:26 AM
157068,5/1/2007 12:00:00 AM,NatGas,$CDN/GJ,6.61,2/24/2021 9:00:26 AM
157069,6/1/2007 12:00:00 AM,NatGas,$CDN/GJ,6.21,2/24/2021 9:00:26 AM
157070,7/1/2007 12:00:00 AM,NatGas,$CDN/GJ,5.43,2/24/2021 9:00:26 AM
157071,8/1/2007 12:00:00 AM,NatGas,$CDN/GJ,4.81,2/24/2021 9:00:26 AM
157072,9/1/2007 12:00:00 AM,NatGas,$CDN/GJ,4.42,2/24/2021 9:00:26 AM
157073,10/1/2007 12:00:00 AM,NatGas,$CDN/GJ,6.96,2/24/2021 9:00:26 AM
157074,11/1/2007 12:00:00 AM,NatGas,$CDN/GJ,5.54,2/24/2021 9:00:26 AM
157075,12/1/2007 12:00:00 AM,NatGas,$CDN/GJ,5.85,2/24/2021 9:00:26 AM
157076,1/1/2008 12:00:00 AM,NatGas,$CDN/GJ,6.19,2/24/2021 9:00:26 AM
157077,2/1/2008 12:00:00 AM,NatGas,$CDN/GJ,6.72,2/24/2021 9:00:26 AM
157078,3/1/2008 12:00:00 AM,NatGas,$CDN/GJ,7.52,2/24/2021 9:00:26 AM
157079,4/1/2008 12:00:00 AM,NatGas,$CDN/GJ,8.11,2/24/2021 9:00:26 AM
157080,5/1/2008 12:00:00 AM,NatGas,$CDN/GJ,8.92,2/24/2021 9:00:26 AM
157081,6/1/2008 12:00:00 AM,NatGas,$CDN/GJ,9.87,2/24/2021 9:00:26 AM
157082,7/1/2008 12:00:00 AM,NatGas,$CDN/GJ,9.84,2/24/2021 9:00:26 AM
157083,8/1/2008 12:00:00 AM,NatGas,$CDN/GJ,7.35,2/24/2021 9:00:26 AM
157084,9/1/2008 12:00:00 AM,NatGas,$CDN/GJ,6.28,2/24/2021 9:00:26 AM
157085,10/1/2008 12:00:00 AM,NatGas,$CDN/GJ,6.27,2/24/2021 9:00:26 AM
157086,11/1/2008 12:00:00 AM,NatGas,$CDN/GJ,6.25,2/24/2021 9:00:26 AM
157087,12/1/2008 12:00:00 AM,NatGas,$CDN/GJ,6.36,2/24/2021 9:00:26 AM
157088,1/1/2009 12:00:00 AM,NatGas,$CDN/GJ,5.77,2/24/2021 9:00:26 AM
157089,2/1/2009 12:00:00 AM,NatGas,$CDN/GJ,4.66,2/24/2021 9:00:26 AM
157090,3/1/2009 12:00:00 AM,NatGas,$CDN/GJ,4.01,2/24/2021 9:00:26 AM
157091,4/1/2009 12:00:00 AM,NatGas,$CDN/GJ,3.41,2/24/2021 9:00:26 AM
157092,5/1/2009 12:00:00 AM,NatGas,$CDN/GJ,3.13,2/24/2021 9:00:26 AM
157093,6/1/2009 12:00:00 AM,NatGas,$CDN/GJ,2.97,2/24/2021 9:00:26 AM
157094,7/1/2009 12:00:00 AM,NatGas,$CDN/GJ,2.94,2/24/2021 9:00:26 AM
157095,8/1/2009 12:00:00 AM,NatGas,$CDN/GJ,2.72,2/24/2021 9:00:26 AM
157096,9/1/2009 12:00:00 AM,NatGas,$CDN/GJ,2.48,2/24/2021 9:00:26 AM
157097,10/1/2009 12:00:00 AM,NatGas,$CDN/GJ,3.4,2/24/2021 9:00:26 AM
157098,11/1/2009 12:00:00 AM,NatGas,$CDN/GJ,3.77,2/24/2021 9:00:26 AM
157099,12/1/2009 12:00:00 AM,NatGas,$CDN/GJ,4.51,2/24/2021 9:00:26 AM
157100,1/1/2010 12:00:00 AM,NatGas,$CDN/GJ,4.88,2/24/2021 9:00:26 AM
157101,2/1/2010 12:00:00 AM,NatGas,$CDN/GJ,4.68,2/24/2021 9:00:26 AM
157102,3/1/2010 12:00:00 AM,NatGas,$CDN/GJ,4.05,2/24/2021 9:00:26 AM
157103,4/1/2010 12:00:00 AM,NatGas,$CDN/GJ,3.26,2/24/2021 9:00:26 AM
157104,5/1/2010 12:00:00 AM,NatGas,$CDN/GJ,3.37,2/24/2021 9:00:26 AM
157105,6/1/2010 12:00:00 AM,NatGas,$CDN/GJ,3.49,2/24/2021 9:00:26 AM
157106,7/1/2010 12:00:00 AM,NatGas,$CDN/GJ,3.42,2/24/2021 9:00:26 AM
157107,8/1/2010 12:00:00 AM,NatGas,$CDN/GJ,3.25,2/24/2021 9:00:26 AM
157108,9/1/2010 12:00:00 AM,NatGas,$CDN/GJ,3.14,2/24/2021 9:00:26 AM
157109,10/1/2010 12:00:00 AM,NatGas,$CDN/GJ,2.92,2/24/2021 9:00:26 AM
157110,11/1/2010 12:00:00 AM,NatGas,$CDN/GJ,3.04,2/24/2021 9:00:26 AM
157111,12/1/2010 12:00:00 AM,NatGas,$CDN/GJ,3.34,2/24/2021 9:00:26 AM
157112,1/1/2011 12:00:00 AM,NatGas,$CDN/GJ,3.49,2/24/2021 9:00:26 AM
157113,2/1/2011 12:00:00 AM,NatGas,$CDN/GJ,3.4,2/24/2021 9:00:26 AM
157114,3/1/2011 12:00:00 AM,NatGas,$CDN/GJ,3.19,2/24/2021 9:00:26 AM
157115,4/1/2011 12:00:00 AM,NatGas,$CDN/GJ,3.3,2/24/2021 9:00:26 AM
157116,5/1/2011 12:00:00 AM,NatGas,$CDN/GJ,3.39,2/24/2021 9:00:26 AM
157117,6/1/2011 12:00:00 AM,NatGas,$CDN/GJ,3.51,2/24/2021 9:00:26 AM
157118,7/1/2011 12:00:00 AM,NatGas,$CDN/GJ,3.42,2/24/2021 9:00:26 AM
157119,8/1/2011 12:00:00 AM,NatGas,$CDN/GJ,3.32,2/24/2021 9:00:26 AM
157120,9/1/2011 12:00:00 AM,NatGas,$CDN/GJ,3.24,2/24/2021 9:00:26 AM
157121,10/1/2011 12:00:00 AM,NatGas,$CDN/GJ,3.17,2/24/2021 9:00:26 AM
157122,11/1/2011 12:00:00 AM,NatGas,$CDN/GJ,2.99,2/24/2021 9:00:26 AM
157123,12/1/2011 12:00:00 AM,NatGas,$CDN/GJ,2.92,2/24/2021 9:00:26 AM
157124,1/1/2012 12:00:00 AM,NatGas,$CDN/GJ,2.56,2/24/2021 9:00:26 AM
157125,2/1/2012 12:00:00 AM,NatGas,$CDN/GJ,2.13,2/24/2021 9:00:26 AM
157126,3/1/2012 12:00:00 AM,NatGas,$CDN/GJ,1.83,2/24/2021 9:00:26 AM
157127,4/1/2012 12:00:00 AM,NatGas,$CDN/GJ,1.63,2/24/2021 9:00:26 AM
157128,5/1/2012 12:00:00 AM,NatGas,$CDN/GJ,1.58,2/24/2021 9:00:26 AM
157129,6/1/2012 12:00:00 AM,NatGas,$CDN/GJ,1.75,2/24/2021 9:00:26 AM
157130,7/1/2012 12:00:00 AM,NatGas,$CDN/GJ,1.92,2/24/2021 9:00:26 AM
157131,8/1/2012 12:00:00 AM,NatGas,$CDN/GJ,2.05,2/24/2021 9:00:26 AM
157132,9/1/2012 12:00:00 AM,NatGas,$CDN/GJ,1.94,2/24/2021 9:00:26 AM
157133,10/1/2012 12:00:00 AM,NatGas,$CDN/GJ,2.36,2/24/2021 9:00:26 AM
157134,11/1/2012 12:00:00 AM,NatGas,$CDN/GJ,2.9,2/24/2021 9:00:26 AM
157135,12/1/2012 12:00:00 AM,NatGas,$CDN/GJ,2.98,2/24/2021 9:00:26 AM
157136,1/1/2013 12:00:00 AM,NatGas,$CDN/GJ,2.76,2/24/2021 9:00:26 AM
157137,2/1/2013 12:00:00 AM,NatGas,$CDN/GJ,2.69,2/24/2021 9:00:26 AM
157138,3/1/2013 12:00:00 AM,NatGas,$CDN/GJ,2.85,2/24/2021 9:00:26 AM
157139,4/1/2013 12:00:00 AM,NatGas,$CDN/GJ,3.14,2/24/2021 9:00:26 AM
157140,5/1/2013 12:00:00 AM,NatGas,$CDN/GJ,3.24,2/24/2021 9:00:26 AM
157141,6/1/2013 12:00:00 AM,NatGas,$CDN/GJ,3.17,2/24/2021 9:00:26 AM
157142,7/1/2013 12:00:00 AM,NatGas,$CDN/GJ,2.78,2/24/2021 9:00:26 AM
157143,8/1/2013 12:00:00 AM,NatGas,$CDN/GJ,2.37,2/24/2021 9:00:26 AM
157144,9/1/2013 12:00:00 AM,NatGas,$CDN/GJ,2.14,2/24/2021 9:00:26 AM
157145,10/1/2013 12:00:00 AM,NatGas,$CDN/GJ,2.49,2/24/2021 9:00:26 AM
157146,11/1/2013 12:00:00 AM,NatGas,$CDN/GJ,3.06,2/24/2021 9:00:26 AM
157147,12/1/2013 12:00:00 AM,NatGas,$CDN/GJ,3.22,2/24/2021 9:00:26 AM
157148,1/1/2014 12:00:00 AM,NatGas,$CDN/GJ,3.61,2/24/2021 9:00:26 AM
157149,2/1/2014 12:00:00 AM,NatGas,$CDN/GJ,5.2,2/24/2021 9:00:26 AM
157150,3/1/2014 12:00:00 AM,NatGas,$CDN/GJ,4.9,2/24/2021 9:00:26 AM
157151,4/1/2014 12:00:00 AM,NatGas,$CDN/GJ,4.21,2/24/2021 9:00:26 AM
157152,5/1/2014 12:00:00 AM,NatGas,$CDN/GJ,4.21,2/24/2021 9:00:26 AM
157153,6/1/2014 12:00:00 AM,NatGas,$CDN/GJ,4.17,2/24/2021 9:00:26 AM
157154,7/1/2014 12:00:00 AM,NatGas,$CDN/GJ,3.98,2/24/2021 9:00:26 AM
157155,8/1/2014 12:00:00 AM,NatGas,$CDN/GJ,3.63,2/24/2021 9:00:26 AM
157156,9/1/2014 12:00:00 AM,NatGas,$CDN/GJ,3.64,2/24/2021 9:00:26 AM
157157,10/1/2014 12:00:00 AM,NatGas,$CDN/GJ,3.57,2/24/2021 9:00:26 AM
157158,11/1/2014 12:00:00 AM,NatGas,$CDN/GJ,3.47,2/24/2021 9:00:26 AM
157159,12/1/2014 12:00:00 AM,NatGas,$CDN/GJ,3.39,2/24/2021 9:00:26 AM
157160,1/1/2015 12:00:00 AM,NatGas,$CDN/GJ,2.83,2/24/2021 9:00:26 AM
157161,2/1/2015 12:00:00 AM,NatGas,$CDN/GJ,2.51,2/24/2021 9:00:26 AM
157162,3/1/2015 12:00:00 AM,NatGas,$CDN/GJ,2.53,2/24/2021 9:00:26 AM
157163,4/1/2015 12:00:00 AM,NatGas,$CDN/GJ,2.3,2/24/2021 9:00:26 AM
157164,5/1/2015 12:00:00 AM,NatGas,$CDN/GJ,2.33,2/24/2021 9:00:26 AM
157165,6/1/2015 12:00:00 AM,NatGas,$CDN/GJ,2.36,2/24/2021 9:00:26 AM
157166,7/1/2015 12:00:00 AM,NatGas,$CDN/GJ,2.38,2/24/2021 9:00:26 AM
157167,8/1/2015 12:00:00 AM,NatGas,$CDN/GJ,2.56,2/24/2021 9:00:26 AM
157168,9/1/2015 12:00:00 AM,NatGas,$CDN/GJ,2.55,2/24/2021 9:00:26 AM
157169,10/1/2015 12:00:00 AM,NatGas,$CDN/GJ,2.4,2/24/2021 9:00:26 AM
157170,11/1/2015 12:00:00 AM,NatGas,$CDN/GJ,2.21,2/24/2021 9:00:26 AM
157171,12/1/2015 12:00:00 AM,NatGas,$CDN/GJ,2.12,2/24/2021 9:00:26 AM
157172,1/1/2016 12:00:00 AM,NatGas,$CDN/GJ,2.11,2/24/2021 9:00:26 AM
157173,2/1/2016 12:00:00 AM,NatGas,$CDN/GJ,1.82,2/24/2021 9:00:26 AM
157174,3/1/2016 12:00:00 AM,NatGas,$CDN/GJ,1.36,2/24/2021 9:00:26 AM
157175,4/1/2016 12:00:00 AM,NatGas,$CDN/GJ,1.11,2/24/2021 9:00:26 AM
157176,5/1/2016 12:00:00 AM,NatGas,$CDN/GJ,0.94,2/24/2021 9:00:26 AM
157177,6/1/2016 12:00:00 AM,NatGas,$CDN/GJ,1.23,2/24/2021 9:00:26 AM
157178,7/1/2016 12:00:00 AM,NatGas,$CDN/GJ,1.82,2/24/2021 9:00:26 AM
157179,8/1/2016 12:00:00 AM,NatGas,$CDN/GJ,1.82,2/24/2021 9:00:26 AM
157180,9/1/2016 12:00:00 AM,NatGas,$CDN/GJ,2.12,2/24/2021 9:00:26 AM
157181,10/1/2016 12:00:00 AM,NatGas,$CDN/GJ,2.41,2/24/2021 9:00:26 AM
157182,11/1/2016 12:00:00 AM,NatGas,$CDN/GJ,2.48,2/24/2021 9:00:26 AM
157183,12/1/2016 12:00:00 AM,NatGas,$CDN/GJ,2.75,2/24/2021 9:00:26 AM
157184,1/1/2017 12:00:00 AM,NatGas,$CDN/GJ,2.86,2/24/2021 9:00:26 AM
157185,2/1/2017 12:00:00 AM,NatGas,$CDN/GJ,2.39,2/24/2021 9:00:26 AM
157186,3/1/2017 12:00:00 AM,NatGas,$CDN/GJ,2.2,2/24/2021 9:00:26 AM
157187,4/1/2017 12:00:00 AM,NatGas,$CDN/GJ,2.34,2/24/2021 9:00:26 AM
157188,5/1/2017 12:00:00 AM,NatGas,$CDN/GJ,2.46,2/24/2021 9:00:26 AM
157189,6/1/2017 12:00:00 AM,NatGas,$CDN/GJ,2.39,2/24/2021 9:00:26 AM
157190,7/1/2017 12:00:00 AM,NatGas,$CDN/GJ,1.83,2/24/2021 9:00:26 AM
157191,8/1/2017 12:00:00 AM,NatGas,$CDN/GJ,1.72,2/24/2021 9:00:26 AM
157192,9/1/2017 12:00:00 AM,NatGas,$CDN/GJ,1.2,2/24/2021 9:00:26 AM
157193,10/1/2017 12:00:00 AM,NatGas,$CDN/GJ,1.11,2/24/2021 9:00:26 AM
157194,11/1/2017 12:00:00 AM,NatGas,$CDN/GJ,1.92,2/24/2021 9:00:26 AM
157195,12/1/2017 12:00:00 AM,NatGas,$CDN/GJ,1.82,2/24/2021 9:00:26 AM
157196,1/1/2018 12:00:00 AM,NatGas,$CDN/GJ,1.74,2/24/2021 9:00:26 AM
157197,2/1/2018 12:00:00 AM,NatGas,$CDN/GJ,1.76,2/24/2021 9:00:26 AM
157198,3/1/2018 12:00:00 AM,NatGas,$CDN/GJ,1.54,2/24/2021 9:00:26 AM
157199,4/1/2018 12:00:00 AM,NatGas,$CDN/GJ,1.26,2/24/2021 9:00:26 AM
157200,5/1/2018 12:00:00 AM,NatGas,$CDN/GJ,0.78,2/24/2021 9:00:26 AM
157201,6/1/2018 12:00:00 AM,NatGas,$CDN/GJ,0.75,2/24/2021 9:00:26 AM
157202,7/1/2018 12:00:00 AM,NatGas,$CDN/GJ,1.14,2/24/2021 9:00:26 AM
157203,8/1/2018 12:00:00 AM,NatGas,$CDN/GJ,0.94,2/24/2021 9:00:26 AM
157204,9/1/2018 12:00:00 AM,NatGas,$CDN/GJ,1.03,2/24/2021 9:00:26 AM
157205,10/1/2018 12:00:00 AM,NatGas,$CDN/GJ,1.21,2/24/2021 9:00:26 AM
157206,11/1/2018 12:00:00 AM,NatGas,$CDN/GJ,1.59,2/24/2021 9:00:26 AM
157207,12/1/2018 12:00:00 AM,NatGas,$CDN/GJ,1.69,2/24/2021 9:00:26 AM
157208,1/1/2019 12:00:00 AM,NatGas,$CDN/GJ,1.55,2/24/2021 9:00:26 AM
157209,2/1/2019 12:00:00 AM,NatGas,$CDN/GJ,2.1,2/24/2021 9:00:26 AM
157210,3/1/2019 12:00:00 AM,NatGas,$CDN/GJ,1.99,2/24/2021 9:00:26 AM
157211,4/1/2019 12:00:00 AM,NatGas,$CDN/GJ,0.91,2/24/2021 9:00:26 AM
157212,5/1/2019 12:00:00 AM,NatGas,$CDN/GJ,1.22,2/24/2021 9:00:26 AM
157213,6/1/2019 12:00:00 AM,NatGas,$CDN/GJ,0.55,2/24/2021 9:00:26 AM
157214,7/1/2019 12:00:00 AM,NatGas,$CDN/GJ,0.87,2/24/2021 9:00:26 AM
157215,8/1/2019 12:00:00 AM,NatGas,$CDN/GJ,0.82,2/24/2021 9:00:26 AM
157216,9/1/2019 12:00:00 AM,NatGas,$CDN/GJ,0.76,2/24/2021 9:00:26 AM
157217,10/1/2019 12:00:00 AM,NatGas,$CDN/GJ,1.63,2/24/2021 9:00:26 AM
157218,11/1/2019 12:00:00 AM,NatGas,$CDN/GJ,2.19,2/24/2021 9:00:26 AM
157219,12/1/2019 12:00:00 AM,NatGas,$CDN/GJ,2.22,2/24/2021 9:00:26 AM
157220,1/1/2020 12:00:00 AM,NatGas,$CDN/GJ,2.06,2/24/2021 9:00:26 AM
157221,2/1/2020 12:00:00 AM,NatGas,$CDN/GJ,1.79,2/24/2021 9:00:26 AM
157222,3/1/2020 12:00:00 AM,WTI,$US/bbl,29.21,2/24/2021 9:00:26 AM
157223,3/1/2020 12:00:00 AM,WCS,$US/bbl,12.84,2/24/2021 9:00:26 AM
157224,4/1/2020 12:00:00 AM,WTI,$US/bbl,16.55,2/24/2021 9:00:26 AM
157225,4/1/2020 12:00:00 AM,WCS,$US/bbl,3.5,2/24/2021 9:00:26 AM
157226,3/1/2020 12:00:00 AM,NatGas,$CDN/GJ,1.6,2/24/2021 9:00:26 AM
157227,4/1/2020 12:00:00 AM,NatGas,$CDN/GJ,1.56,2/24/2021 9:00:26 AM
157228,5/1/2020 12:00:00 AM,WTI,$US/bbl,28.56,2/24/2021 9:00:26 AM
157229,5/1/2020 12:00:00 AM,WCS,$US/bbl,11.67,2/24/2021 9:00:26 AM
157230,6/1/2020 12:00:00 AM,WTI,$US/bbl,38.31,2/24/2021 9:00:26 AM
157231,6/1/2020 12:00:00 AM,WCS,$US/bbl,33.97,2/24/2021 9:00:26 AM
157232,5/1/2020 12:00:00 AM,NatGas,$CDN/GJ,1.66,2/24/2021 9:00:26 AM
157233,7/1/2020 12:00:00 AM,WCS,$US/bbl,32.5,2/24/2021 9:00:26 AM
157234,7/1/2020 12:00:00 AM,WTI,$US/bbl,40.71,2/24/2021 9:00:26 AM
157235,6/1/2020 12:00:00 AM,NatGas,$CDN/GJ,1.65,2/24/2021 9:00:26 AM
157236,8/1/2020 12:00:00 AM,WTI,$US/bbl,42.34,2/24/2021 9:00:26 AM
157237,8/1/2020 12:00:00 AM,WCS,$US/bbl,34.6,2/24/2021 9:00:26 AM
157238,7/1/2020 12:00:00 AM,NatGas,$CDN/GJ,1.62,2/24/2021 9:00:26 AM
157239,8/1/2020 12:00:00 AM,NatGas,$CDN/GJ,1.85,2/24/2021 9:00:26 AM
157240,9/1/2020 12:00:00 AM,WCS,$US/bbl,28.43,2/24/2021 9:00:26 AM
157241,9/1/2020 12:00:00 AM,WTI,$US/bbl,39.63,2/24/2021 9:00:26 AM
157242,9/1/2020 12:00:00 AM,NatGas,$CDN/GJ,2,2/24/2021 9:00:26 AM
157243,10/1/2020 12:00:00 AM,WCS,$US/bbl,31.17,2/24/2021 9:00:26 AM
157244,10/1/2020 12:00:00 AM,WTI,$US/bbl,39.4,2/24/2021 9:00:26 AM
157245,11/1/2020 12:00:00 AM,WCS,$US/bbl,31.57,2/24/2021 9:00:26 AM
157246,11/1/2020 12:00:00 AM,WTI,$US/bbl,40.94,2/24/2021 9:00:26 AM
157247,10/1/2020 12:00:00 AM,NatGas,$CDN/GJ,1.99,2/24/2021 9:00:26 AM
157248,11/1/2020 12:00:00 AM,NatGas,$CDN/GJ,2.58,2/24/2021 9:00:26 AM
157249,12/1/2020 12:00:00 AM,WCS,$US/bbl,37.32,2/24/2021 9:00:26 AM
157250,12/1/2020 12:00:00 AM,WTI,$US/bbl,47.02,2/24/2021 9:00:26 AM
157251,12/1/2020 12:00:00 AM,NatGas,$CDN/GJ,2.41,2/24/2021 9:00:26 AM
157252,1/1/2021 12:00:00 AM,WCS,$US/bbl,40.04,2/24/2021 9:00:26 AM
157253,1/1/2021 12:00:00 AM,WTI,$US/bbl,52,2/24/2021 9:00:26 AM
