"Manufacturers' sales, inventories, orders and inventory to sales ratios, by industry (dollars unless otherwise noted)" 1 2 3
"Monthly"
"Table: 16-10-0047-01 (formerly CANSIM 304-0014)"
"Geography: Canada"

"",,"Manufacturing  [31-33]",,,,,,,,,,,,,,,,,,,,,,,,,,,,,,,,,,,,,,,,,,,,,,,,,,,,,,,,,,,,,,,,,,,,,,,,,,,,,,,,,,,,,,,,,,,,,,,,,,,,,,,,,,,,,,,,,,,,,,,,,,,,,,,,,,,,,,,,,,,,,,,,,,,,,,,,,,,,,,,,,,,,,,,,,,,,,,,,,,,,,,,,,,,,,,,,,,,,,,,,,,,,,,,,,,,,,,,,,,,,,,,,,,,,,,,,,,,,,,,,,,,,,,,,,,,,,,,,,,,,,,,,,,,,,,,,,,,,,,,,,,,,,,,,,,,,,,,,,,,,,,,,,,,,,,,,,,,,,,,,,,,,,,,,,,,,,,,,,,,,,,,,,,,
"",,"Canada",,,,,,,,,,,,,,,,,,,,,,,,,,,,,,,,,,,,,,,,,,,,,,,,,,,,,,,,,,,,,,,,,,,,,,,,,,,,,,,,,,,,,,,,,,,,,,,,,,,,,,,,,,,,,,,,,,,,,,,,,,,,,,,,,,,,,,,,,,,,,,,,,,,,,,,,,,,,,,,,,,,,,,,,,,,,,,,,,,,,,,,,,,,,,,,,,,,,,,,,,,,,,,,,,,,,,,,,,,,,,,,,,,,,,,,,,,,,,,,,,,,,,,,,,,,,,,,,,,,,,,,,,,,,,,,,,,,,,,,,,,,,,,,,,,,,,,,,,,,,,,,,,,,,,,,,,,,,,,,,,,,,,,,,,,,,,,,,,,,,,,,,,,,
"Principal statistics","Seasonal adjustment","January 1992","February 1992","March 1992","April 1992","May 1992","June 1992","July 1992","August 1992","September 1992","October 1992","November 1992","December 1992","January 1993","February 1993","March 1993","April 1993","May 1993","June 1993","July 1993","August 1993","September 1993","October 1993","November 1993","December 1993","January 1994","February 1994","March 1994","April 1994","May 1994","June 1994","July 1994","August 1994","September 1994","October 1994","November 1994","December 1994","January 1995","February 1995","March 1995","April 1995","May 1995","June 1995","July 1995","August 1995","September 1995","October 1995","November 1995","December 1995","January 1996","February 1996","March 1996","April 1996","May 1996","June 1996","July 1996","August 1996","September 1996","October 1996","November 1996","December 1996","January 1997","February 1997","March 1997","April 1997","May 1997","June 1997","July 1997","August 1997","September 1997","October 1997","November 1997","December 1997","January 1998","February 1998","March 1998","April 1998","May 1998","June 1998","July 1998","August 1998","September 1998","October 1998","November 1998","December 1998","January 1999","February 1999","March 1999","April 1999","May 1999","June 1999","July 1999","August 1999","September 1999","October 1999","November 1999","December 1999","January 2000","February 2000","March 2000","April 2000","May 2000","June 2000","July 2000","August 2000","September 2000","October 2000","November 2000","December 2000","January 2001","February 2001","March 2001","April 2001","May 2001","June 2001","July 2001","August 2001","September 2001","October 2001","November 2001","December 2001","January 2002","February 2002","March 2002","April 2002","May 2002","June 2002","July 2002","August 2002","September 2002","October 2002","November 2002","December 2002","January 2003","February 2003","March 2003","April 2003","May 2003","June 2003","July 2003","August 2003","September 2003","October 2003","November 2003","December 2003","January 2004","February 2004","March 2004","April 2004","May 2004","June 2004","July 2004","August 2004","September 2004","October 2004","November 2004","December 2004","January 2005","February 2005","March 2005","April 2005","May 2005","June 2005","July 2005","August 2005","September 2005","October 2005","November 2005","December 2005","January 2006","February 2006","March 2006","April 2006","May 2006","June 2006","July 2006","August 2006","September 2006","October 2006","November 2006","December 2006","January 2007","February 2007","March 2007","April 2007","May 2007","June 2007","July 2007","August 2007","September 2007","October 2007","November 2007","December 2007","January 2008","February 2008","March 2008","April 2008","May 2008","June 2008","July 2008","August 2008","September 2008","October 2008","November 2008","December 2008","January 2009","February 2009","March 2009","April 2009","May 2009","June 2009","July 2009","August 2009","September 2009","October 2009","November 2009","December 2009","January 2010","February 2010","March 2010","April 2010","May 2010","June 2010","July 2010","August 2010","September 2010","October 2010","November 2010","December 2010","January 2011","February 2011","March 2011","April 2011","May 2011","June 2011","July 2011","August 2011","September 2011","October 2011","November 2011","December 2011","January 2012","February 2012","March 2012","April 2012","May 2012","June 2012","July 2012","August 2012","September 2012","October 2012","November 2012","December 2012","January 2013","February 2013","March 2013","April 2013","May 2013","June 2013","July 2013","August 2013","September 2013","October 2013","November 2013","December 2013","January 2014","February 2014","March 2014","April 2014","May 2014","June 2014","July 2014","August 2014","September 2014","October 2014","November 2014","December 2014","January 2015","February 2015","March 2015","April 2015","May 2015","June 2015","July 2015","August 2015","September 2015","October 2015","November 2015","December 2015","January 2016","February 2016","March 2016","April 2016","May 2016","June 2016","July 2016","August 2016","September 2016","October 2016","November 2016","December 2016","January 2017","February 2017","March 2017","April 2017","May 2017","June 2017","July 2017","August 2017","September 2017","October 2017","November 2017","December 2017","January 2018","February 2018","March 2018","April 2018","May 2018","June 2018","July 2018","August 2018","September 2018","October 2018","November 2018","December 2018","January 2019","February 2019","March 2019","April 2019","May 2019","June 2019","July 2019","August 2019","September 2019","October 2019","November 2019","December 2019","January 2020","February 2020","March 2020","April 2020","May 2020","June 2020","July 2020","August 2020","September 2020","October 2020","November 2020","December 2020"
"","","Dollars",,,,,,,,,,,,,,,,,,,,,,,,,,,,,,,,,,,,,,,,,,,,,,,,,,,,,,,,,,,,,,,,,,,,,,,,,,,,,,,,,,,,,,,,,,,,,,,,,,,,,,,,,,,,,,,,,,,,,,,,,,,,,,,,,,,,,,,,,,,,,,,,,,,,,,,,,,,,,,,,,,,,,,,,,,,,,,,,,,,,,,,,,,,,,,,,,,,,,,,,,,,,,,,,,,,,,,,,,,,,,,,,,,,,,,,,,,,,,,,,,,,,,,,,,,,,,,,,,,,,,,,,,,,,,,,,,,,,,,,,,,,,,,,,,,,,,,,,,,,,,,,,,,,,,,,,,,,,,,,,,,,,,,,,,,,,,,,,,,,,,,,,,,,
"Sales of goods manufactured (shipments)","Unadjusted (x 1,000)","20,532,164","21,629,502","23,899,635","23,391,246","24,074,180","25,307,741","21,189,663","23,273,109","24,707,614","25,354,038","24,223,502","22,935,758","21,715,563","23,094,193","27,118,241","25,490,122","25,841,563","26,983,201","22,203,738","25,616,413","27,483,145","27,170,665","26,910,018","24,316,121","23,455,550","24,421,659","29,350,286","28,059,861","30,108,068","30,991,797","25,654,722","30,556,084","31,160,407","31,350,166","32,342,411","29,489,821","30,446,447","30,498,776","34,649,844","31,734,888","34,816,546","34,363,629","28,211,238","33,713,813","33,951,851","33,991,868","33,378,407","30,022,144","30,691,885","31,254,370","32,813,045","33,129,076","35,583,227","34,379,885","31,126,191","34,000,675","35,264,556","35,346,450","34,839,606","31,656,084","32,522,694","32,564,664","35,170,267","36,237,221","37,143,106","36,626,246","33,645,290","35,325,774","37,660,036","38,541,370","36,261,988","34,820,764","32,633,990","34,470,942","38,907,606","37,228,320","37,758,323","37,254,911","31,707,088","36,326,682","38,872,870","40,016,983","39,030,357","36,944,533","36,252,930","37,779,250","44,397,236","41,425,906","42,675,733","44,929,697","37,610,285","44,337,510","46,060,309","45,257,759","46,549,564","43,273,721","41,600,521","43,525,929","50,042,237","43,832,638","49,774,960","49,285,927","40,807,413","48,914,715","48,315,489","50,955,802","49,941,364","44,303,910","44,382,710","41,997,222","48,600,289","45,490,603","50,194,715","47,963,232","40,622,041","47,125,905","44,795,193","46,467,027","45,922,134","39,710,906","41,700,553","42,023,869","46,182,221","48,100,866","50,368,511","48,144,501","43,127,393","49,049,232","48,730,513","50,909,541","48,398,906","43,166,605","44,423,258","43,929,386","49,097,723","47,419,111","49,136,060","47,439,411","43,860,747","45,925,128","50,046,152","50,527,512","47,253,856","44,575,629","42,804,380","44,257,981","52,090,261","49,295,927","50,753,944","52,669,211","44,706,402","50,531,354","51,144,624","50,003,854","49,387,897","44,916,776","45,713,871","46,198,595","51,459,761","49,809,471","51,893,733","52,802,353","44,130,482","52,671,219","52,753,856","52,617,895","51,653,920","47,500,747","47,690,492","46,548,082","54,283,996","49,096,037","53,696,332","53,993,935","46,628,051","53,438,026","50,701,218","50,996,419","51,191,615","47,262,712","47,700,458","46,345,631","53,840,715","50,726,602","54,328,971","52,084,846","46,502,019","51,336,253","48,881,931","51,864,754","50,363,336","43,697,537","45,322,947","46,473,349","48,631,793","50,070,376","53,160,161","54,132,255","51,483,365","50,988,825","52,194,464","52,709,823","46,054,755","40,747,551","37,686,669","37,735,813","41,624,028","40,421,598","39,406,977","41,966,210","40,238,445","40,932,544","42,792,997","43,027,598","42,080,811","40,816,924","39,191,081","39,374,943","46,085,297","43,890,772","45,640,846","47,237,426","41,937,647","45,158,869","45,990,581","45,839,762","45,419,058","43,508,415","43,205,172","42,213,975","49,861,958","45,329,171","47,660,515","48,581,090","44,083,598","49,506,153","50,259,945","49,891,539","50,469,935","47,219,105","45,983,800","45,849,449","51,603,590","47,992,835","52,515,587","51,045,507","45,817,772","50,492,523","48,463,414","50,913,468","50,107,352","44,550,427","45,818,475","45,225,068","49,596,674","48,806,059","51,582,771","49,515,534","47,077,183","50,256,287","50,032,885","52,845,941","50,742,360","46,596,269","46,976,299","46,615,039","52,385,346","49,988,356","53,723,094","53,920,385","51,575,902","51,332,981","54,365,041","55,032,487","50,777,692","49,917,100","46,682,026","45,233,820","53,458,497","49,138,584","51,211,595","54,311,561","50,590,884","51,763,767","52,957,425","51,993,421","51,334,033","49,372,063","47,853,024","47,689,563","52,330,402","49,514,486","52,131,531","54,102,916","47,636,790","53,540,755","53,489,409","51,978,305","53,958,089","51,036,323","50,216,441","49,080,495","57,336,843","51,723,619","58,737,611","57,569,379","49,914,166","56,132,509","55,079,407","55,390,753","57,770,103","52,128,373","52,348,590","51,448,304","58,600,855","55,255,219","61,101,117","60,824,252","56,290,099","60,172,340","57,568,469","60,934,957","58,957,695","52,710,888","54,001,301","51,401,500","59,612,227","57,379,566","63,458,986","59,221,035","55,727,949","58,760,839","58,443,906","59,969,380","57,356,043","54,011,160","52,846,465","51,843,577","52,450,911","35,770,879","41,777,610","52,764,068","51,768,835","52,478,952","56,176,624","55,892,176","54,250,013","52,648,556"
,"Seasonally adjusted (x 1,000)","22,442,286","22,849,293","22,774,067","23,079,929","23,121,861","23,599,825","23,340,012","23,485,737","23,490,141","24,093,241","23,922,194","24,319,544","24,241,579","24,701,404","25,275,823","25,063,947","24,887,270","25,026,215","24,906,836","25,565,480","26,324,156","26,066,988","26,152,970","25,730,287","26,155,881","26,116,488","27,494,286","27,802,324","28,539,814","28,966,828","29,025,987","29,898,969","29,782,583","30,233,666","31,195,021","31,728,937","33,247,478","32,420,744","32,366,933","32,089,682","32,459,683","32,311,648","31,604,624","33,195,220","32,722,848","32,367,181","32,478,154","32,515,209","32,777,959","32,438,916","31,731,444","32,659,296","33,364,647","33,452,496","34,215,402","33,893,053","34,298,573","33,170,816","34,185,020","33,897,396","34,774,786","34,653,594","34,298,272","35,239,523","35,353,916","35,114,636","37,137,153","35,396,652","35,914,509","35,914,716","36,145,390","36,576,243","35,534,990","36,715,689","37,025,948","36,831,519","36,476,173","35,215,340","34,329,096","36,592,456","37,063,529","37,962,707","38,323,434","39,069,852","39,646,617","40,229,965","41,156,909","41,099,412","41,339,728","42,123,601","42,403,946","43,744,944","44,438,382","43,707,737","44,808,176","45,846,717","45,696,304","44,934,878","46,647,255","45,141,028","46,457,359","46,621,151","46,490,226","47,339,860","47,081,598","48,597,710","48,329,742","47,963,067","46,959,022","45,346,404","46,159,925","46,185,549","46,615,350","45,883,633","44,999,332","45,214,012","44,493,312","43,293,981","44,437,237","43,684,249","44,257,510","45,475,577","45,893,826","46,535,501","46,552,268","46,938,130","47,136,243","47,552,491","47,477,762","47,472,354","47,692,856","46,821,862","47,212,218","47,576,270","47,408,051","46,751,896","46,363,310","45,209,409","47,451,074","45,518,209","47,731,568","47,226,830","47,764,515","47,420,626","46,639,276","47,416,422","48,457,942","48,947,281","48,906,244","49,422,153","48,975,281","49,303,448","48,838,818","49,115,458","48,390,186","48,150,096","50,298,055","50,052,820","49,069,365","49,039,366","49,100,599","49,104,947","48,733,079","49,994,900","50,754,434","51,149,287","50,429,674","51,479,374","51,602,375","50,342,334","50,712,770","50,384,787","49,642,261","50,510,484","50,509,441","50,858,555","49,735,120","48,965,049","49,904,524","52,359,211","50,304,656","50,223,539","51,344,226","51,476,096","50,506,863","49,753,115","49,636,878","49,305,453","49,089,583","48,914,131","49,381,506","47,737,007","47,787,268","49,226,164","48,552,256","49,332,227","50,864,857","51,957,807","53,050,865","51,164,661","50,728,621","49,877,370","46,869,272","42,558,295","40,378,652","41,405,749","40,060,221","40,389,237","38,330,989","39,364,411","41,323,112","40,713,277","41,287,592","41,186,339","41,869,136","42,421,898","42,775,960","42,986,053","43,357,497","44,038,070","44,514,114","44,463,616","43,920,561","44,325,444","44,364,481","44,928,022","44,269,005","45,331,876","46,818,278","46,040,313","46,594,317","46,322,386","45,826,976","45,596,870","46,987,370","47,613,957","48,552,172","48,792,486","49,109,749","50,027,282","49,184,846","48,357,583","49,100,194","49,415,133","49,626,335","49,072,294","48,424,822","48,558,612","48,624,728","48,120,898","48,790,328","48,059,952","48,045,046","49,403,521","48,913,585","48,592,838","48,630,684","48,366,567","48,370,751","49,112,762","49,233,449","49,910,095","50,194,482","49,321,729","49,261,369","50,885,303","50,833,450","50,666,459","51,629,535","51,737,811","52,872,583","51,267,591","52,419,754","52,249,133","51,122,010","51,664,724","49,954,677","49,471,019","51,097,677","49,624,046","50,138,130","51,031,459","51,981,062","51,710,376","50,989,093","50,415,959","50,646,525","50,987,655","52,547,325","50,281,671","49,767,617","50,434,363","49,918,305","50,739,076","51,046,903","51,495,129","51,580,761","51,657,972","52,252,641","53,539,828","53,911,911","53,665,679","53,754,639","54,363,696","54,774,891","54,068,186","53,038,640","53,837,227","54,064,109","54,032,536","55,804,455","55,763,712","54,999,484","56,351,014","56,977,221","56,202,871","56,887,127","58,637,276","58,991,635","57,970,328","57,712,080","58,252,116","57,030,492","56,201,141","56,821,967","56,284,656","58,255,889","58,159,973","59,180,372","58,267,446","57,439,924","57,753,462","57,364,468","57,069,609","56,388,990","56,357,137","55,655,114","55,782,645","50,389,753","36,335,139","40,562,301","49,947,591","53,620,854","52,719,933","53,795,829","53,927,371","53,720,878","54,185,488"
"New orders, estimated values of orders received during month","Unadjusted (x 1,000)","20,532,164","21,792,493","23,948,450","23,446,770","23,991,809","25,047,740","21,152,201","23,619,857","24,832,945","24,936,111","24,195,516","23,006,548","22,753,626","24,708,166","28,108,638","25,345,295","25,601,505","27,237,955","22,163,384","25,479,252","27,415,936","26,715,338","26,824,584","25,349,649","24,204,525","25,020,237","29,516,498","28,718,139","30,074,343","30,895,703","25,741,016","30,862,995","31,607,222","30,973,150","32,335,420","30,134,276","30,526,294","30,939,777","35,015,538","31,927,307","34,622,341","33,883,034","28,783,397","33,266,183","33,645,951","33,514,217","33,281,304","30,440,472","31,898,942","31,680,805","32,581,091","32,592,874","36,144,469","34,422,838","31,306,837","33,876,402","34,750,537","34,834,901","34,386,166","32,300,946","34,955,688","33,141,988","35,674,744","38,268,463","38,515,847","36,070,957","34,361,454","35,823,108","38,511,120","39,526,639","37,500,923","34,368,283","34,633,713","34,544,458","38,530,737","37,178,540","37,714,881","37,450,820","32,464,305","36,970,578","39,214,254","40,629,220","38,326,106","34,926,963","37,271,189","39,860,217","44,451,759","41,007,384","42,087,595","44,153,491","38,772,351","44,643,074","47,123,949","45,835,110","46,254,914","44,400,373","42,549,540","43,605,830","50,201,621","43,241,080","49,521,575","50,193,554","43,329,552","48,754,127","47,710,934","51,138,646","49,702,202","43,839,344","43,118,032","44,451,324","47,756,334","45,453,622","51,317,993","47,156,184","41,509,040","47,124,285","44,177,016","44,898,793","45,002,172","38,460,688","41,179,280","42,337,576","45,950,271","48,871,364","50,367,897","47,465,698","42,752,500","49,612,947","47,856,907","50,022,686","47,762,637","41,740,569","42,048,217","43,808,382","48,384,735","45,809,452","48,420,578","46,872,020","43,628,546","45,343,510","50,520,503","49,190,270","46,812,131","44,112,005","42,813,550","42,893,266","50,296,845","48,905,272","49,938,139","51,621,207","45,213,725","49,694,099","50,622,893","49,374,315","48,458,619","44,777,207","47,930,318","45,788,927","51,430,869","50,241,180","51,423,835","51,940,755","43,883,605","52,267,506","51,360,640","51,731,892","50,410,466","46,002,480","47,129,227","45,916,244","53,427,675","46,685,613","52,004,349","52,230,301","45,711,368","51,153,056","49,153,206","49,187,919","49,967,637","46,589,835","52,319,644","48,754,808","54,207,825","51,523,760","55,324,244","52,559,233","48,455,155","51,587,067","47,905,476","50,834,175","52,604,610","45,614,639","46,021,896","46,672,605","51,541,833","49,858,528","54,778,147","54,901,438","52,132,430","52,988,046","51,616,440","56,084,587","46,333,620","39,146,376","35,172,806","37,499,304","41,584,898","36,619,703","36,026,163","42,956,573","38,651,709","38,475,834","40,925,627","41,633,899","40,680,522","41,418,811","38,939,278","40,107,830","45,957,367","44,010,415","46,469,022","48,198,081","41,357,022","46,247,519","44,428,942","45,608,851","45,348,174","43,076,998","43,421,056","42,519,530","55,070,043","45,624,058","47,817,361","50,401,447","45,050,447","49,682,682","52,005,707","49,670,571","51,176,092","46,150,672","45,768,245","46,449,013","52,946,785","48,014,360","52,820,756","52,438,495","44,749,385","49,625,590","47,851,301","50,688,167","52,495,999","46,232,181","49,708,224","45,810,248","49,084,749","48,804,131","52,074,329","51,728,935","47,150,094","50,498,203","47,921,625","52,742,245","50,742,218","49,735,001","50,226,393","58,648,581","51,753,202","50,414,641","53,419,600","53,563,441","51,845,054","51,134,614","55,424,178","55,495,470","51,092,950","50,434,688","55,563,400","43,583,858","53,503,871","47,131,967","50,023,380","52,470,126","53,318,508","51,490,227","51,454,550","50,510,805","50,828,234","47,485,428","48,487,088","45,746,493","49,829,493","49,995,026","53,374,538","55,839,685","47,316,725","52,113,746","52,985,684","52,460,665","53,610,605","49,462,862","50,670,795","49,835,045","58,505,264","53,233,739","57,630,857","55,337,354","48,283,411","56,157,004","53,547,699","57,276,402","57,223,366","51,262,645","51,760,612","54,201,081","59,366,336","56,683,035","64,222,445","61,679,451","56,286,962","60,413,421","58,177,856","60,988,118","59,701,482","59,509,562","53,265,442","51,710,163","59,782,337","57,302,235","64,102,947","57,316,459","53,401,929","59,481,530","58,161,966","59,297,717","56,991,426","54,054,522","53,907,422","54,155,716","52,960,238","34,200,264","39,655,080","50,325,090","50,699,134","51,099,685","56,183,856","52,714,034","50,736,567","53,156,953"
,"Seasonally adjusted (x 1,000)","22,442,286","22,685,078","22,770,409","23,106,193","23,178,031","23,493,250","23,333,308","24,010,231","23,775,018","24,003,044","23,915,199","24,174,254","24,954,123","26,094,782","25,897,550","24,863,865","24,799,112","25,584,959","24,826,442","25,729,122","26,346,830","26,150,076","26,094,122","26,356,632","26,493,720","26,560,628","27,280,042","28,465,544","28,706,436","29,011,770","29,238,887","30,415,913","30,319,705","30,438,350","31,317,216","31,780,512","32,947,141","32,681,667","32,377,982","32,446,902","32,310,969","31,963,245","32,325,275","32,934,660","32,557,499","32,460,231","32,336,444","32,675,336","33,313,043","32,382,751","31,809,045","32,203,950","33,851,486","33,830,255","34,420,299","33,709,689","34,128,926","32,930,325","33,911,977","34,318,516","36,282,669","35,242,254","35,481,900","36,033,571","37,186,404","35,022,384","37,906,900","35,915,927","36,909,557","37,065,238","38,042,276","35,681,018","36,278,379","37,015,125","36,772,902","36,934,733","36,625,721","35,546,320","34,996,161","37,167,412","37,717,789","38,327,815","38,376,754","38,159,276","40,173,117","41,940,499","41,391,451","40,860,615","40,602,566","41,542,317","43,302,592","44,156,483","45,478,971","44,526,563","44,720,399","47,243,604","46,245,980","44,610,492","46,944,679","44,764,184","45,911,563","47,812,141","48,516,221","47,055,673","46,677,319","49,147,890","48,405,688","47,743,308","45,460,204","47,505,376","45,234,926","46,203,711","47,868,006","45,119,234","45,782,404","45,170,882","44,040,973","41,849,497","43,652,084","42,478,766","43,545,830","45,601,786","45,583,548","47,325,660","46,528,019","46,343,290","46,722,670","48,145,258","46,709,658","46,669,044","47,137,139","45,531,880","44,702,051","47,319,562","46,654,568","45,182,240","45,649,082","44,804,611","47,222,487","45,010,069","48,318,158","45,987,194","47,477,539","47,161,881","48,329,526","47,766,810","48,242,013","49,749,546","49,078,479","49,126,829","49,998,564","48,729,761","48,500,543","48,618,757","47,712,940","47,525,534","52,603,613","50,077,986","49,732,117","50,050,267","49,553,390","49,282,972","49,651,405","50,813,222","50,765,404","51,553,837","50,664,270","51,534,061","52,246,241","50,902,260","51,486,475","49,509,887","49,766,055","50,620,861","51,248,682","50,407,109","50,324,302","49,232,139","50,859,241","53,861,145","51,468,232","52,493,080","51,630,403","52,186,159","51,461,784","50,218,679","51,630,530","49,622,498","48,217,109","48,034,135","51,677,338","49,584,418","48,312,677","49,310,617","51,387,921","49,057,042","52,464,545","52,709,719","53,746,130","53,245,751","50,262,377","53,412,382","47,175,565","40,920,700","37,746,712","41,059,485","39,933,895","36,554,873","34,938,517","40,334,988","39,799,719","38,330,888","39,523,795","39,933,041","40,474,408","42,986,488","42,434,394","43,612,010","43,120,718","44,134,912","45,324,834","45,399,900","43,436,372","45,484,934","42,926,479","44,821,572","44,207,848","44,871,636","46,958,183","46,292,289","51,625,672","46,475,414","46,018,180","47,460,895","47,868,907","47,851,349","50,607,795","48,611,937","49,942,718","49,098,266","48,611,010","48,916,822","50,278,164","49,306,782","49,965,160","50,522,276","47,257,705","47,767,996","48,403,326","47,954,393","51,282,085","49,821,234","51,541,534","49,938,481","48,273,858","48,469,236","49,102,536","50,651,817","48,348,767","49,468,770","47,530,697","49,915,854","50,253,435","52,510,012","52,062,793","62,845,337","50,128,290","51,000,301","51,267,545","51,461,125","53,096,276","51,187,446","53,866,622","52,869,856","51,479,061","52,189,148","58,298,996","47,732,988","51,173,943","47,551,687","48,831,906","49,303,478","54,704,128","51,531,318","49,862,201","49,175,149","50,141,397","49,031,471","52,652,173","48,209,623","47,340,351","50,888,652","51,012,734","52,615,844","50,746,524","50,147,278","51,439,296","52,385,077","51,904,558","51,816,663","53,845,616","54,308,060","55,041,659","55,867,460","53,476,944","52,054,346","51,430,290","53,913,540","52,884,253","56,134,690","55,243,338","54,665,905","53,948,830","58,999,230","57,884,249","57,631,346","59,825,125","59,753,806","59,004,517","58,248,803","58,648,557","58,499,443","57,797,242","62,702,167","55,645,818","56,494,261","58,611,863","58,084,801","59,655,356","56,631,051","55,114,069","58,498,100","57,373,149","56,577,581","56,026,763","56,111,741","56,333,579","58,014,010","51,032,328","34,780,040","38,321,415","47,738,943","52,620,492","51,344,635","54,023,317","50,869,110","50,216,285","54,446,829"
"Unfilled orders, estimated values of orders at end of month","Unadjusted (x 1,000)","20,471,621","20,634,612","20,683,427","20,738,951","20,656,580","20,396,579","20,359,117","20,705,865","20,831,196","20,413,269","20,385,283","20,456,073","21,494,136","23,108,109","24,098,506","23,953,679","23,713,621","23,968,375","23,928,021","23,790,860","23,723,651","23,268,324","23,182,890","24,216,418","24,965,393","25,563,971","25,730,183","26,388,461","26,354,736","26,258,642","26,344,936","26,651,847","27,098,662","26,721,646","26,714,655","27,359,110","27,438,957","27,879,958","28,245,652","28,438,071","28,243,866","27,763,271","28,335,430","27,887,800","27,581,900","27,104,249","27,007,146","27,425,474","28,632,531","29,058,966","28,827,012","28,290,810","28,852,052","28,895,005","29,075,651","28,951,378","28,437,359","27,925,810","27,472,370","28,117,232","30,550,226","31,127,550","31,632,027","33,663,269","35,036,010","34,480,721","35,196,885","35,694,219","36,545,303","37,530,572","38,769,507","38,317,026","40,316,749","40,390,265","40,013,396","39,963,616","39,920,174","40,116,083","40,873,300","41,517,196","41,858,580","42,470,817","41,766,566","41,100,239","42,118,499","44,199,466","44,253,989","43,835,467","43,247,329","42,471,123","43,633,188","43,938,752","45,002,392","45,579,743","45,285,094","46,411,746","47,360,765","47,440,665","47,600,049","47,008,490","46,755,105","47,662,731","50,184,870","50,024,282","49,419,726","49,602,571","49,363,409","48,898,842","47,634,277","50,088,379","49,244,424","49,207,443","50,330,721","49,523,673","50,410,672","50,409,052","49,790,875","48,222,642","47,302,679","46,052,461","45,531,188","45,844,894","45,612,944","46,383,442","46,382,828","45,704,025","45,329,132","45,892,847","45,019,241","44,132,385","43,496,116","42,070,079","39,790,268","39,695,884","39,012,394","37,431,594","36,754,345","36,235,332","36,049,177","35,510,411","36,022,912","34,731,304","34,323,366","33,898,836","35,802,093","36,311,459","36,195,966","37,079,657","37,264,314","36,882,920","37,873,661","37,273,312","36,869,258","36,272,433","35,464,098","34,718,232","37,222,155","37,412,885","38,162,583","39,285,017","39,763,759","39,861,614","40,758,624","41,521,544","41,434,645","41,731,000","41,806,827","41,747,237","42,626,769","43,365,513","44,230,715","43,474,022","43,644,245","43,681,644","44,415,869","43,876,822","44,328,629","44,471,242","45,277,491","46,671,991","48,104,664","50,514,202","50,881,286","51,677,935","52,669,813","53,144,333","55,094,168","55,318,601","54,329,014","53,284,171","55,505,641","57,371,754","58,059,255","58,258,514","61,168,540","60,956,676","62,574,665","63,343,863","63,992,945","65,992,176","65,414,123","68,788,868","69,067,723","67,466,538","64,952,675","64,716,166","64,677,036","60,875,140","57,494,326","58,484,689","56,897,953","54,441,243","52,573,873","51,180,173","49,779,884","50,381,771","50,129,968","50,862,854","50,734,924","50,854,567","51,682,744","52,643,399","52,062,774","53,151,425","51,589,785","51,358,874","51,287,991","50,856,573","51,072,458","51,378,013","56,586,098","56,880,985","57,037,831","58,858,188","59,825,038","60,001,567","61,747,329","61,526,361","62,232,518","61,164,085","60,948,529","61,548,093","62,891,288","62,912,814","63,217,982","64,610,970","63,542,583","62,675,651","62,063,539","61,838,238","64,226,884","65,908,638","69,797,863","70,383,043","69,871,117","69,869,189","70,360,747","72,574,148","72,647,059","72,888,974","70,777,714","70,674,018","70,673,875","73,812,608","77,062,702","89,096,244","88,464,100","88,890,386","88,586,892","88,229,948","88,499,100","88,300,733","89,359,870","89,822,853","90,138,111","90,655,700","99,537,074","97,887,111","97,932,485","95,925,868","94,737,653","92,896,219","95,623,843","95,350,303","93,847,428","92,364,811","91,859,012","89,972,377","90,606,441","88,663,372","86,162,463","86,643,003","87,886,010","89,622,779","89,302,714","87,875,705","87,371,980","87,854,340","87,506,857","85,933,396","86,387,750","87,142,300","88,310,721","89,820,841","88,714,087","86,482,063","84,851,307","84,875,801","83,344,093","85,229,741","84,683,004","83,817,277","83,229,299","85,982,076","86,747,557","88,175,373","91,296,701","92,151,900","92,148,764","92,389,844","92,999,230","93,052,391","93,796,179","100,594,853","99,858,993","100,167,656","100,337,767","100,260,435","100,904,396","98,999,819","96,673,800","97,394,491","97,112,551","96,440,888","96,076,271","96,119,633","97,180,590","99,492,729","100,002,055","98,431,440","96,308,910","93,869,932","92,800,232","91,420,965","91,428,197","88,250,055","84,736,608","85,245,005"
,"Seasonally adjusted (x 1,000)","20,445,325","20,281,110","20,277,452","20,303,716","20,359,886","20,253,311","20,246,607","20,771,101","21,055,978","20,965,781","20,958,786","20,813,496","21,526,040","22,919,418","23,541,145","23,341,063","23,252,905","23,811,649","23,731,255","23,894,897","23,917,571","24,000,659","23,941,811","24,568,156","24,905,995","25,350,135","25,135,891","25,799,111","25,965,733","26,010,675","26,223,575","26,740,519","27,277,641","27,482,325","27,604,520","27,656,095","27,355,758","27,616,681","27,627,730","27,984,950","27,836,236","27,487,833","28,208,484","27,947,924","27,782,575","27,875,625","27,733,915","27,894,042","28,429,126","28,372,961","28,450,562","27,995,216","28,482,055","28,859,814","29,064,711","28,881,347","28,711,700","28,471,209","28,198,166","28,619,286","30,127,169","30,715,829","31,899,457","32,693,505","34,525,993","34,433,741","35,203,488","35,722,763","36,717,811","37,868,333","39,765,219","38,869,994","39,613,383","39,912,819","39,659,773","39,762,987","39,912,535","40,243,515","40,910,580","41,485,536","42,139,796","42,504,904","42,558,224","41,610,267","42,136,767","43,847,301","44,081,843","43,843,046","43,105,884","42,524,600","43,423,246","43,834,785","44,875,374","45,694,200","45,606,423","47,003,310","47,552,986","47,228,600","47,526,024","47,149,180","46,603,384","47,794,374","49,820,369","49,536,182","49,131,903","49,682,083","49,758,029","49,538,270","47,777,488","49,936,460","49,011,461","49,029,623","50,282,279","49,517,880","50,300,952","50,257,822","49,805,483","48,360,999","47,575,846","46,370,363","45,660,371","45,774,762","45,464,484","46,254,643","46,230,394","45,635,554","45,221,981","45,814,748","45,046,644","44,243,334","43,687,617","42,397,635","39,887,468","39,630,760","38,877,277","37,307,621","36,593,393","36,188,595","35,960,008","35,451,868","36,038,458","34,798,822","34,511,846","34,253,101","35,943,351","36,293,739","36,077,810","36,880,075","37,052,310","36,756,986","37,780,269","37,206,582","36,868,307","36,371,606","35,694,360","35,069,798","37,375,356","37,400,522","38,063,274","39,074,175","39,526,966","39,704,991","40,623,317","41,441,639","41,452,609","41,857,159","42,091,755","42,146,442","42,790,308","43,350,234","44,123,939","43,249,039","43,372,833","43,483,210","44,222,451","43,771,005","44,360,187","44,627,277","45,581,994","47,083,928","48,247,504","50,517,044","50,803,221","51,513,283","52,468,204","52,933,767","54,927,420","55,244,465","54,371,991","53,491,995","55,787,828","57,635,239","58,160,648","58,245,101","61,080,766","60,805,581","62,405,270","63,157,181","63,852,447","65,933,536","65,467,291","69,002,304","69,308,597","67,671,002","65,039,062","64,692,798","64,566,472","60,732,108","57,339,636","58,310,212","56,786,819","54,404,430","52,640,633","51,387,335","49,992,607","50,557,197","50,215,631","50,841,588","50,604,810","50,701,652","51,512,372","52,448,656","51,964,467","53,123,957","51,685,955","51,579,506","51,518,349","51,058,109","51,198,014","51,449,990","56,481,346","56,634,374","56,825,578","58,689,603","59,571,140","59,808,532","61,864,155","61,683,606","62,516,575","61,587,559","61,013,722","61,572,961","62,750,931","62,642,580","62,981,405","64,431,388","63,264,271","62,473,655","62,252,254","62,085,748","64,577,505","66,338,788","69,835,276","70,370,237","69,730,510","69,606,908","70,078,761","72,364,010","72,342,026","72,698,034","70,995,282","71,001,041","71,059,994","74,248,278","77,049,702","89,009,736","88,304,575","88,638,417","88,276,427","87,999,741","88,223,433","88,143,288","89,590,156","90,210,879","90,567,930","91,092,354","99,436,673","97,698,642","97,774,908","95,702,549","94,396,326","92,668,345","95,391,412","95,212,353","94,085,461","92,844,651","92,339,524","90,383,339","90,488,187","88,416,139","85,988,873","86,443,162","87,537,591","89,414,360","89,113,980","87,766,129","87,624,664","88,351,768","88,003,685","86,280,521","86,214,226","86,856,607","88,143,627","89,647,391","88,349,444","86,335,604","84,727,254","84,803,567","83,623,711","85,725,865","85,164,748","84,066,941","83,016,287","85,664,503","86,571,531","88,000,006","90,938,004","92,054,535","92,067,418","92,345,893","93,282,370","93,529,698","94,296,448","100,797,474","99,621,325","99,830,930","100,186,904","100,111,732","100,586,716","98,950,321","96,624,466","97,369,104","97,377,784","96,885,757","96,523,529","96,278,133","96,956,599","99,187,965","99,830,539","98,275,440","96,034,553","93,825,906","92,825,543","91,450,245","91,677,733","88,619,472","85,114,879","85,376,221"
"Raw materials, fuel, supplies, components, estimated values at end of month","Unadjusted (x 1,000)","16,221,354","16,215,352","15,995,733","15,769,597","15,606,092","15,426,052","15,466,881","15,605,830","15,587,040","15,490,728","15,455,112","15,611,736","15,672,053","15,952,886","15,781,818","15,624,888","15,581,099","15,405,912","15,697,340","15,904,864","15,740,021","15,714,485","15,738,524","15,876,682","17,110,444","17,287,845","17,406,735","17,131,726","17,016,465","17,019,339","17,282,073","17,372,824","17,632,017","17,510,642","17,524,761","18,107,804","18,726,974","19,230,527","19,545,319","19,696,889","19,585,536","19,454,471","19,813,970","20,091,003","20,031,670","20,257,392","20,022,773","19,949,278","20,318,011","20,882,047","21,001,379","20,689,113","20,164,675","19,887,224","20,137,019","20,333,517","20,351,658","20,418,446","20,418,010","20,631,557","20,850,934","21,172,283","21,384,691","21,229,196","20,775,263","20,477,210","20,701,424","20,749,671","21,046,018","21,146,241","21,149,532","21,368,740","22,112,037","22,725,309","22,578,625","22,386,065","22,089,483","22,215,432","22,605,068","22,973,938","23,060,663","22,935,907","23,048,234","23,239,405","23,512,365","23,828,352","24,005,493","23,972,590","23,606,751","23,325,127","23,831,767","23,947,053","24,239,923","24,654,602","24,594,084","24,855,362","25,720,537","26,285,775","26,530,568","26,468,243","26,294,933","25,866,761","26,409,048","26,538,992","26,741,687","27,089,978","27,483,810","27,086,486","27,908,571","28,189,920","28,163,281","27,815,395","27,383,908","26,704,121","26,845,860","26,835,135","26,467,587","26,510,896","26,334,810","26,106,013","25,664,743","26,009,948","25,729,181","25,784,763","25,551,420","25,302,144","25,967,475","26,427,107","25,688,151","25,922,384","25,921,834","26,351,297","26,101,932","26,754,049","26,973,950","26,752,671","26,222,104","26,106,209","26,555,080","26,813,818","26,505,580","26,646,744","26,592,658","26,711,534","27,235,057","27,723,588","27,907,058","27,653,128","27,578,498","27,513,316","28,102,481","28,482,754","28,349,457","28,362,131","28,392,029","28,410,116","28,985,691","29,458,422","29,565,047","28,655,872","28,205,657","27,717,123","28,155,096","28,124,380","28,034,236","28,115,633","27,937,655","27,920,048","28,393,093","28,632,847","28,677,749","28,358,554","28,062,826","27,602,374","28,003,729","28,088,428","27,695,414","27,561,763","27,248,411","26,864,531","27,741,045","27,873,836","27,893,481","28,000,689","27,435,061","26,909,583","27,377,099","27,319,587","26,800,467","26,818,766","26,927,426","26,692,360","26,968,435","27,196,302","26,939,328","26,710,456","27,026,293","26,931,536","27,375,796","27,851,314","27,767,405","28,200,275","28,054,655","27,626,690","28,151,431","28,011,669","27,567,216","27,154,889","26,371,365","26,026,974","25,546,528","25,120,351","24,852,409","24,907,057","25,143,544","24,510,788","24,365,960","24,696,989","24,528,014","24,274,808","23,685,436","23,674,677","23,822,940","24,240,779","23,986,627","24,307,014","24,835,298","24,919,573","25,044,732","25,297,988","25,976,009","25,821,517","25,739,417","26,163,401","25,892,119","26,492,757","26,693,544","27,240,459","27,408,057","27,318,202","27,392,159","27,399,368","26,874,989","26,727,103","26,831,244","26,356,115","26,665,448","26,947,251","26,366,046","26,832,689","26,617,777","26,270,441","27,090,192","26,829,085","26,957,177","26,564,575","26,050,931","26,069,597","26,440,667","26,305,780","26,262,717","26,804,474","26,358,041","26,435,433","27,347,493","27,632,613","27,874,691","27,691,876","26,639,202","26,699,061","26,999,513","26,719,917","26,574,266","27,032,360","27,001,099","26,856,562","27,640,524","27,991,059","28,340,709","28,383,236","28,108,741","28,090,887","28,736,556","28,420,576","28,142,532","28,389,584","28,089,839","28,150,567","28,776,466","28,925,543","28,908,068","28,424,772","28,292,314","28,146,126","28,685,601","28,631,859","28,658,923","28,232,727","28,069,293","28,520,850","29,288,624","30,182,209","30,449,135","30,521,192","30,583,003","30,417,699","30,477,131","30,599,055","30,670,579","30,764,407","30,918,755","31,125,382","31,761,204","32,683,862","32,726,017","33,008,507","33,050,773","33,007,760","33,664,162","34,221,917","34,062,724","34,397,218","33,876,231","34,105,073","34,802,640","34,732,459","34,808,088","35,299,027","35,531,369","34,897,987","35,136,215","35,247,462","34,796,123","34,451,693","34,378,699","34,404,208","35,169,303","34,564,197","35,084,766","35,364,442","34,576,613","33,961,900","33,699,169","33,665,238","34,064,565","33,738,399","33,785,612","34,046,482"
,"Seasonally adjusted (x 1,000)","15,993,758","15,749,450","15,672,117","15,602,710","15,651,298","15,616,740","15,558,397","15,641,905","15,687,068","15,721,329","15,723,072","15,733,576","15,438,993","15,588,827","15,453,705","15,458,732","15,630,249","15,619,244","15,850,610","15,935,686","15,847,512","15,928,678","16,076,077","16,022,978","16,839,606","16,818,064","16,955,583","16,924,477","17,045,925","17,291,189","17,451,550","17,470,873","17,787,627","17,742,336","17,885,985","18,314,074","18,442,911","18,750,644","19,039,995","19,413,135","19,693,383","19,802,596","20,021,316","20,203,121","20,207,323","20,438,063","20,366,168","20,122,001","20,090,182","20,183,329","20,431,697","20,414,061","20,273,342","20,233,068","20,383,389","20,497,136","20,436,277","20,623,367","20,780,631","20,752,144","20,597,170","20,611,436","20,761,222","20,923,642","20,962,310","20,842,094","21,001,074","20,911,913","21,214,978","21,367,663","21,450,701","21,506,285","21,869,092","22,080,591","21,880,022","22,058,433","22,238,606","22,687,389","22,913,072","23,137,116","23,206,415","23,173,389","23,262,555","23,420,968","23,170,032","23,233,303","23,379,024","23,689,173","23,782,679","23,785,101","24,201,422","24,135,424","24,471,870","24,863,981","24,824,717","24,955,292","25,342,140","25,607,840","25,838,221","26,128,127","26,502,458","26,375,893","26,743,969","26,740,929","27,036,439","27,288,860","27,673,007","27,246,578","27,659,815","27,584,253","27,508,263","27,552,271","27,595,328","27,061,177","27,077,708","27,024,903","26,667,125","26,723,917","26,575,965","26,183,439","25,427,624","25,477,852","25,141,186","25,566,293","25,746,941","25,620,232","26,147,442","26,572,137","25,858,790","26,082,111","26,135,970","26,451,485","25,894,638","26,269,804","26,379,558","26,535,079","26,410,407","26,429,808","26,720,736","26,937,610","26,677,596","26,794,166","26,830,574","26,833,480","27,059,297","27,259,902","27,314,884","27,415,536","27,747,191","27,860,283","28,288,377","28,622,206","28,551,154","28,542,331","28,615,660","28,441,544","28,818,453","29,003,584","28,976,015","28,424,334","28,388,233","28,070,197","28,362,599","28,279,273","28,256,022","28,305,935","28,153,106","27,945,195","28,194,942","28,116,473","28,011,330","28,089,997","28,245,913","27,962,755","28,245,107","28,269,528","27,918,383","27,714,163","27,390,376","26,849,446","27,484,492","27,436,459","27,458,889","27,855,585","27,661,959","27,278,709","27,652,270","27,493,475","26,923,479","26,821,776","26,953,545","26,669,263","26,741,321","26,856,675","26,651,057","26,627,562","27,235,089","27,256,290","27,585,862","28,005,512","27,813,598","28,117,007","27,980,562","27,567,028","27,927,361","27,710,662","27,316,110","27,090,809","26,595,080","26,360,760","25,772,355","25,305,203","24,894,028","24,821,990","25,054,844","24,438,910","24,154,370","24,423,158","24,287,333","24,234,028","23,906,279","23,989,714","24,048,052","24,441,239","24,029,867","24,243,249","24,753,407","24,846,681","24,928,343","25,038,105","25,743,025","25,750,325","25,950,130","26,385,577","25,982,494","26,627,243","26,934,793","27,128,986","27,240,056","27,379,123","27,231,147","27,146,667","26,612,853","26,648,304","27,034,912","26,557,357","26,706,808","27,086,211","26,608,548","26,727,768","26,537,467","26,382,587","26,922,775","26,535,037","26,599,631","26,451,314","26,234,743","26,241,940","26,447,200","26,428,638","26,528,130","26,758,146","26,408,599","26,612,514","27,179,189","27,329,335","27,445,556","27,524,926","26,807,959","26,873,369","26,974,180","26,848,632","26,841,015","27,044,724","27,132,399","27,067,368","27,476,538","27,666,396","27,934,136","28,182,868","28,208,532","28,254,499","28,680,354","28,524,382","28,362,216","28,491,194","28,320,597","28,383,097","28,598,796","28,517,419","28,444,504","28,195,189","28,360,184","28,341,781","28,675,176","28,748,246","28,869,504","28,381,873","28,333,982","28,805,885","29,147,390","29,856,126","30,052,127","30,255,085","30,557,799","30,568,257","30,475,503","30,653,411","30,850,105","30,923,465","31,236,117","31,421,784","31,608,824","32,362,357","32,360,613","32,706,423","32,977,644","33,152,661","33,726,756","34,265,833","34,234,052","34,582,106","34,200,173","34,388,004","34,603,156","34,388,768","34,423,652","34,994,102","35,435,182","35,051,508","35,256,249","35,294,297","34,961,751","34,641,218","34,715,961","34,720,128","34,939,885","34,212,004","34,683,807","35,019,543","34,528,509","34,156,360","33,847,421","33,747,999","34,221,820","33,995,365","34,204,746","34,186,743"
"Goods or work in process, estimated values at end of month","Unadjusted (x 1,000)","7,064,724","7,159,382","7,095,573","7,133,575","7,236,120","7,099,932","7,052,880","7,093,130","7,134,815","7,087,147","7,150,799","7,020,093","7,279,710","7,351,196","7,374,178","7,489,597","7,505,329","7,537,166","7,534,752","7,708,757","7,706,488","7,774,590","7,870,618","7,721,712","7,941,112","8,105,544","8,010,762","8,193,323","8,285,106","8,184,559","8,150,858","8,322,628","8,514,241","8,694,798","8,743,833","8,666,427","8,788,227","9,027,768","9,146,800","9,350,021","9,491,288","9,508,657","9,623,453","9,767,332","9,967,555","9,909,854","9,920,939","9,670,668","9,848,439","10,027,459","10,007,102","10,086,386","10,191,034","9,982,003","9,888,604","10,123,168","10,209,181","10,274,173","10,221,297","9,857,716","9,815,852","10,189,269","10,303,127","10,513,180","10,577,477","10,480,400","10,287,149","10,513,081","10,652,287","10,847,224","11,023,391","10,758,683","11,068,062","11,358,399","11,463,856","11,678,548","11,836,346","11,815,641","11,798,722","12,156,219","12,176,611","12,305,249","12,514,456","12,061,172","12,670,549","13,135,777","12,990,144","13,364,964","13,732,444","13,794,312","13,971,063","14,408,615","14,717,483","14,945,068","15,074,511","14,915,313","15,241,740","15,739,640","15,975,419","16,004,199","16,277,330","16,168,137","16,193,363","16,677,727","17,116,342","17,542,747","17,829,786","17,030,089","16,993,857","17,604,000","17,530,097","17,454,082","17,749,122","17,687,753","17,473,262","17,759,287","17,694,862","17,303,238","17,406,282","16,766,772","17,091,647","17,603,686","17,813,737","17,710,188","18,008,663","18,001,177","17,726,980","18,429,248","17,892,003","17,584,366","17,892,263","17,006,221","16,363,888","16,322,639","16,009,089","15,598,396","15,681,670","14,531,709","14,158,058","14,301,333","14,049,580","13,944,449","14,222,284","13,470,265","12,723,963","13,445,676","13,457,559","13,597,306","13,886,532","13,682,571","13,462,661","14,026,321","13,982,523","13,764,698","13,685,080","13,436,118","13,806,076","14,072,729","14,107,440","13,929,725","14,287,947","14,234,254","14,359,634","14,519,574","14,545,035","14,504,717","14,937,315","14,367,791","14,374,876","14,720,092","15,069,937","14,489,297","14,822,327","14,628,505","14,794,934","14,760,418","14,828,214","14,771,791","15,039,666","14,394,703","14,364,412","14,604,924","14,817,931","14,954,706","14,740,411","14,746,561","14,736,791","14,999,401","14,900,486","14,789,477","15,025,841","14,704,448","14,847,034","15,157,338","15,478,505","15,147,249","15,576,789","15,892,970","15,723,048","15,857,380","15,597,502","15,893,647","15,991,205","15,182,370","14,720,032","15,255,922","14,743,343","14,518,129","14,463,335","14,611,248","14,573,239","14,974,220","14,409,230","14,337,340","14,393,948","14,028,335","14,090,409","14,318,519","14,168,216","14,253,154","14,548,096","14,783,147","14,610,746","15,203,689","15,078,966","14,964,867","15,196,298","14,913,818","15,038,118","15,374,100","15,708,423","16,077,948","16,604,717","16,663,277","16,460,522","16,478,553","16,680,073","16,783,195","16,870,659","16,249,547","16,616,467","16,674,488","17,000,279","17,817,228","18,223,612","17,770,084","17,780,130","17,834,695","17,727,809","18,063,080","18,055,757","17,146,223","18,105,978","18,614,157","18,237,516","18,757,057","19,012,184","18,179,202","18,655,558","19,026,264","18,409,254","18,977,943","19,322,512","17,944,695","19,397,805","19,981,888","19,253,346","19,967,770","19,941,230","19,287,979","19,578,316","19,710,782","19,395,655","19,708,191","19,631,211","18,368,562","19,937,328","20,181,461","19,489,342","19,802,534","20,070,652","19,442,760","20,154,277","20,513,388","19,903,039","20,317,513","20,717,012","18,995,325","19,738,113","19,510,466","19,072,183","19,004,285","19,316,758","18,555,156","18,756,028","18,711,045","18,606,824","19,084,150","18,994,058","17,354,803","18,268,777","18,724,252","18,761,550","19,391,020","19,461,680","18,603,776","18,775,034","19,103,261","18,724,597","19,251,874","19,796,122","18,730,240","19,797,184","20,592,779","20,401,302","21,446,418","22,137,088","21,770,456","21,968,647","21,914,849","22,592,171","23,166,645","22,990,883","21,798,317","22,622,159","23,190,537","23,457,920","24,170,501","24,547,440","24,019,939","24,345,547","24,866,584","24,394,532","24,556,483","24,649,132","23,664,245","24,698,286","25,045,852","25,827,550","25,722,066","25,191,855","24,870,656","24,711,766","24,847,326","24,895,463","24,855,260","25,270,881","23,405,687"
,"Seasonally adjusted (x 1,000)","7,127,011","7,088,901","7,066,733","7,068,718","7,095,020","7,060,400","7,072,815","7,059,923","7,136,547","7,130,529","7,183,060","7,210,136","7,333,763","7,373,960","7,323,660","7,407,164","7,370,241","7,492,268","7,580,485","7,684,283","7,714,485","7,788,757","7,905,025","7,881,320","8,025,693","8,131,257","7,981,336","8,081,140","8,148,712","8,167,604","8,182,009","8,292,763","8,501,453","8,712,854","8,767,090","8,868,683","8,875,569","9,042,462","9,065,964","9,247,564","9,326,599","9,485,690","9,702,259","9,778,107","9,926,491","9,916,049","9,952,416","9,864,429","9,949,301","9,932,623","9,920,746","9,980,331","9,995,730","9,974,562","9,984,976","10,134,223","10,192,316","10,276,114","10,189,007","10,091,358","9,903,612","10,184,641","10,229,606","10,392,515","10,399,827","10,493,625","10,446,133","10,513,741","10,652,030","10,777,053","10,985,208","10,974,384","11,194,766","11,342,597","11,394,751","11,576,313","11,620,439","11,866,831","11,944,750","12,203,983","12,167,919","12,255,547","12,444,208","12,314,163","12,775,472","13,130,041","12,891,548","13,269,790","13,534,622","13,815,777","14,160,547","14,432,024","14,708,327","14,868,906","14,991,143","15,150,984","15,416,089","15,683,618","15,859,868","15,934,187","16,061,345","16,160,040","16,400,434","16,661,798","17,061,696","17,506,632","17,667,343","17,325,260","17,268,337","17,614,168","17,462,178","17,459,067","17,507,130","17,677,614","17,745,185","17,653,770","17,510,863","17,278,523","17,141,602","17,050,040","17,448,807","17,577,889","17,756,413","17,763,570","17,817,549","17,948,258","17,883,554","18,221,056","17,695,328","17,630,357","17,634,603","17,320,445","16,759,424","16,272,817","15,946,390","15,666,632","15,515,179","14,486,838","14,232,210","14,176,736","13,930,407","13,986,521","14,090,278","13,794,555","13,008,649","13,356,475","13,437,105","13,666,291","13,685,051","13,603,782","13,492,680","13,840,312","13,887,968","13,790,450","13,537,880","13,797,563","14,065,940","14,061,634","14,079,900","14,045,437","14,092,721","14,150,408","14,337,889","14,339,278","14,445,654","14,514,206","14,785,390","14,751,949","14,584,693","14,702,681","15,089,074","14,592,082","14,656,189","14,535,631","14,753,709","14,566,624","14,757,822","14,753,450","14,913,214","14,747,128","14,659,605","14,615,166","14,880,818","15,074,527","14,609,590","14,667,839","14,622,403","14,756,918","14,774,221","14,757,595","14,880,679","15,098,360","15,186,780","15,140,210","15,530,792","15,292,438","15,446,478","15,747,621","15,552,805","15,571,089","15,513,117","15,851,071","15,861,516","15,600,428","15,070,038","15,273,986","14,789,187","14,600,589","14,287,849","14,483,469","14,488,992","14,710,733","14,371,963","14,309,861","14,262,179","14,483,907","14,418,613","14,313,634","14,200,282","14,287,760","14,318,082","14,670,362","14,557,809","14,924,865","15,086,503","14,922,502","15,093,090","15,481,436","15,283,635","15,335,502","15,786,063","16,008,454","16,218,989","16,600,136","16,388,178","16,224,761","16,751,213","16,701,172","16,708,506","16,982,522","16,805,726","16,554,756","17,094,306","17,648,391","17,761,153","17,793,209","17,701,455","17,595,324","17,893,636","17,987,758","17,885,821","17,988,316","18,214,257","18,388,398","18,357,171","18,527,080","18,525,868","18,296,787","18,591,144","18,849,846","18,620,211","18,876,597","19,121,395","18,873,565","19,461,422","19,668,033","19,398,665","19,728,380","19,464,548","19,512,902","19,546,050","19,526,423","19,612,392","19,577,154","19,389,105","19,337,659","19,993,640","19,867,589","19,672,308","19,595,503","19,609,955","19,689,180","20,142,363","20,314,321","20,071,450","20,144,309","20,429,967","19,994,047","19,807,516","19,229,709","19,236,363","18,771,397","18,837,937","18,811,953","18,775,595","18,520,994","18,770,410","18,898,524","18,696,625","18,346,847","18,379,696","18,494,233","18,915,900","19,131,871","18,970,137","18,834,058","18,809,398","18,919,110","18,863,113","19,050,896","19,517,707","19,706,062","19,956,088","20,412,054","20,500,018","21,085,972","21,596,694","22,001,790","22,018,315","21,738,617","22,758,507","22,928,315","22,751,251","22,829,119","22,843,437","23,047,741","23,530,152","23,716,761","23,996,801","24,232,731","24,394,941","24,698,674","24,559,840","24,325,811","24,450,324","24,687,806","24,930,775","24,919,978","25,877,359","25,256,797","24,648,886","25,078,429","24,725,181","24,755,934","24,976,942","24,659,684","25,019,040","24,457,824"
"Finished goods manufactured, estimated values at end of  month","Unadjusted (x 1,000)","12,670,199","12,937,063","13,104,806","12,939,838","12,758,353","12,530,334","12,250,616","12,346,275","12,203,042","12,145,535","12,202,597","11,770,443","12,016,805","12,185,509","12,349,393","12,285,666","12,274,409","12,249,234","12,030,016","12,164,078","12,013,580","11,991,435","12,043,410","11,781,908","12,401,747","12,865,302","13,206,696","13,362,718","13,258,875","13,206,727","12,964,563","13,105,326","13,025,991","12,907,297","13,156,113","12,864,742","13,307,290","14,055,382","14,609,154","14,857,107","15,016,469","14,800,532","14,621,487","14,670,445","14,587,465","14,708,787","15,013,653","14,489,055","15,037,741","15,628,477","15,907,483","15,956,823","15,736,237","15,348,278","15,055,723","14,928,619","14,935,707","15,091,816","15,503,667","15,157,725","15,981,975","16,413,974","16,503,640","16,721,003","16,886,007","16,802,712","15,930,030","16,212,462","15,991,058","15,853,548","16,116,216","15,718,577","16,267,177","16,589,706","16,948,164","16,842,656","16,921,689","16,920,275","16,594,780","16,599,008","16,640,629","16,601,851","16,853,475","16,121,374","17,124,887","17,423,794","17,559,695","17,684,210","17,610,888","17,445,731","17,352,155","17,797,708","17,924,636","17,795,886","17,940,121","17,406,666","18,087,002","18,615,391","18,658,553","19,044,724","19,247,573","19,015,853","19,259,073","19,412,970","19,438,508","19,569,019","20,025,569","19,403,475","19,844,288","20,629,763","21,031,393","21,339,572","21,246,243","21,329,866","21,026,412","20,952,748","20,792,881","20,588,983","20,662,751","19,968,215","20,245,959","20,548,512","20,796,538","20,556,936","20,123,749","19,573,385","19,393,105","19,492,970","19,975,194","20,124,670","20,808,982","20,219,701","20,395,778","20,816,180","21,419,551","21,594,809","21,520,752","21,383,616","20,924,169","20,829,781","20,700,261","20,386,102","20,464,613","19,806,997","20,388,251","21,087,505","21,378,880","21,508,116","21,691,640","21,363,666","21,050,101","21,418,444","21,538,224","21,638,179","21,880,589","21,519,322","22,335,603","22,954,326","23,374,670","23,479,938","23,408,854","23,074,819","22,837,725","22,700,042","21,876,656","21,843,710","22,010,666","21,605,413","22,225,197","22,778,832","22,848,860","22,826,454","22,616,349","22,090,090","22,071,719","22,299,472","22,326,564","22,476,896","22,912,364","22,551,709","22,385,340","23,413,098","23,600,917","23,565,371","23,475,849","23,358,729","23,090,785","22,734,701","22,766,389","22,063,903","22,580,283","22,322,562","22,756,285","22,775,796","23,236,766","23,511,457","23,838,349","24,051,996","23,738,826","23,908,826","23,759,038","23,629,705","23,695,323","22,501,778","22,437,805","22,400,968","22,332,117","21,705,988","21,501,263","21,098,089","20,359,658","20,481,664","19,599,224","19,600,267","19,701,936","19,136,495","19,531,927","19,860,971","19,705,419","19,780,349","19,530,111","19,549,070","19,741,655","19,987,117","19,908,265","19,840,566","20,042,067","19,477,326","20,049,328","20,364,468","20,860,312","21,555,149","21,706,443","21,316,870","21,873,990","21,617,045","21,014,210","21,212,465","21,251,600","20,527,752","21,344,328","21,840,022","21,632,899","22,056,091","22,094,082","21,618,480","21,805,421","21,801,104","21,884,821","21,939,538","21,930,036","21,165,550","21,770,316","22,035,166","22,480,053","22,856,407","22,403,558","22,408,556","22,106,953","22,118,621","21,727,373","21,508,067","21,931,396","21,609,823","22,348,468","23,161,997","23,574,760","23,880,555","24,031,161","23,539,691","23,204,075","23,248,420","22,708,542","22,636,356","22,926,989","21,742,478","22,450,814","23,235,765","23,002,150","23,466,914","23,528,197","23,105,084","22,886,817","23,142,897","22,652,803","22,837,966","23,071,971","22,180,502","22,566,099","22,741,397","22,673,301","22,837,472","22,738,180","22,732,069","23,093,480","23,006,497","22,783,273","23,224,750","23,555,233","22,871,693","23,747,978","24,420,858","24,759,439","25,191,822","24,981,234","24,802,168","24,780,068","24,399,406","23,782,857","24,124,687","24,581,241","24,341,884","25,437,565","26,347,692","26,910,320","27,512,169","26,986,178","26,879,180","26,929,309","26,832,102","27,127,583","27,047,989","27,331,223","26,969,558","27,947,237","28,687,797","29,427,061","30,333,840","30,142,737","28,952,447","28,744,334","28,510,371","28,135,239","27,830,817","28,285,546","27,812,399","28,650,614","28,875,785","28,407,248","28,480,803","28,466,201","27,696,157","27,427,715","27,530,151","27,072,963","27,065,578","27,408,620","26,868,539"
,"Seasonally adjusted (x 1,000)","12,838,732","12,719,931","12,713,283","12,566,915","12,442,574","12,325,938","12,331,732","12,370,938","12,415,341","12,423,016","12,368,370","12,284,552","12,174,381","12,020,817","11,974,457","11,924,300","11,949,757","12,069,238","12,135,756","12,238,718","12,237,133","12,257,716","12,232,717","12,261,089","12,557,916","12,672,795","12,798,753","12,961,562","12,894,806","12,974,027","13,082,711","13,214,011","13,274,252","13,204,839","13,368,378","13,418,852","13,490,887","13,864,361","14,139,391","14,409,923","14,591,141","14,538,908","14,749,304","14,814,292","14,865,569","15,031,188","15,178,098","15,102,922","15,201,137","15,283,435","15,421,327","15,535,024","15,274,273","15,109,381","15,269,398","15,088,938","15,203,768","15,452,981","15,653,194","15,799,817","16,099,242","16,137,731","16,109,197","16,192,696","16,432,121","16,543,951","16,168,443","16,350,777","16,268,147","16,173,559","16,269,190","16,296,163","16,422,557","16,363,618","16,520,462","16,436,634","16,493,393","16,731,642","16,769,263","16,696,465","16,868,423","16,925,661","16,938,259","16,702,197","17,274,797","17,225,372","17,162,247","17,279,726","17,263,022","17,318,708","17,515,091","17,820,082","18,103,668","18,086,682","18,033,205","18,073,293","18,238,825","18,396,897","18,275,079","18,614,923","18,886,304","18,901,707","19,415,480","19,390,740","19,564,002","19,854,429","20,083,207","20,196,698","19,958,518","20,347,319","20,582,350","20,780,028","20,845,803","21,223,557","21,199,968","21,039,188","20,985,502","20,931,513","20,737,804","20,634,596","20,476,793","20,346,983","20,389,269","20,101,368","19,744,739","19,439,157","19,528,550","19,554,373","20,141,393","20,448,109","20,861,432","20,890,105","20,637,995","20,597,076","20,941,071","21,161,069","21,125,787","21,246,817","21,102,973","20,914,998","20,859,311","20,711,494","20,573,761","20,471,518","20,517,333","20,753,519","20,847,000","20,946,520","21,253,108","21,311,566","21,234,072","21,509,446","21,780,385","22,027,946","22,076,464","22,233,730","22,460,577","22,660,592","22,795,013","22,909,667","22,938,077","22,980,634","22,995,272","22,788,628","22,098,462","22,223,340","22,223,130","22,295,496","22,391,845","22,535,374","22,346,081","22,256,896","22,226,993","21,969,174","22,180,141","22,324,529","22,552,120","22,846,652","23,126,737","23,211,404","22,561,676","23,202,729","23,114,330","23,053,951","23,112,288","23,248,118","23,113,190","22,795,102","22,926,675","22,454,633","22,814,353","22,981,377","22,945,649","22,545,542","22,765,519","22,969,472","23,476,272","23,852,155","23,686,544","23,888,439","23,951,507","24,047,377","23,860,255","23,135,192","22,633,722","22,274,100","21,963,050","21,318,218","21,188,300","20,925,505","20,335,247","20,440,594","19,716,947","19,875,045","19,838,022","19,736,855","19,699,503","19,795,984","19,453,607","19,387,629","19,254,257","19,378,237","19,685,864","19,923,580","20,070,569","20,066,053","20,201,728","20,155,396","20,238,352","20,310,321","20,612,936","21,077,746","21,387,559","21,153,921","21,801,597","21,556,151","21,167,228","21,419,087","21,396,200","21,228,532","21,603,347","21,771,005","21,404,733","21,503,603","21,710,016","21,396,679","21,700,473","21,733,198","22,062,890","22,196,052","22,119,786","21,910,589","22,036,715","21,981,548","22,246,963","22,200,622","21,937,539","22,142,666","22,016,973","22,042,808","21,978,196","21,803,888","22,150,247","22,418,124","22,630,721","23,073,373","23,267,185","23,201,701","23,453,474","23,255,640","23,136,266","23,194,850","23,043,667","23,014,667","23,165,920","22,566,030","22,684,048","23,060,504","22,691,319","22,813,296","22,978,282","22,835,755","22,835,798","23,135,302","23,012,860","23,209,088","23,295,539","23,010,090","22,758,808","22,470,307","22,342,555","22,141,769","22,201,782","22,471,504","23,049,770","23,021,046","23,177,758","23,647,559","23,808,314","23,732,272","23,903,770","24,163,692","24,332,658","24,400,326","24,420,406","24,567,931","24,753,921","24,466,603","24,186,539","24,616,308","24,892,076","25,209,415","25,562,495","26,037,716","26,374,948","26,540,979","26,401,229","26,599,864","26,951,430","26,970,706","27,571,614","27,676,599","27,750,739","27,872,549","28,079,026","28,344,973","28,804,590","29,290,693","29,530,612","28,698,060","28,797,577","28,675,700","28,575,544","28,499,290","28,749,085","28,764,677","28,818,166","28,459,995","27,815,790","27,509,344","27,800,258","27,478,195","27,517,704","27,652,875","27,554,596","27,697,925","27,806,182","27,862,195"
"Total inventory, estimated values of total inventory at end of the month","Unadjusted (x 1,000)","35,956,277","36,311,797","36,196,112","35,843,010","35,600,565","35,056,318","34,770,377","35,045,235","34,924,897","34,723,410","34,808,508","34,402,272","34,968,568","35,489,591","35,505,389","35,400,151","35,360,837","35,192,312","35,262,108","35,777,699","35,460,089","35,480,510","35,652,552","35,380,302","37,453,303","38,258,691","38,624,193","38,687,767","38,560,446","38,410,625","38,397,494","38,800,778","39,172,249","39,112,737","39,424,707","39,638,973","40,822,491","42,313,677","43,301,273","43,904,017","44,093,293","43,763,660","44,058,910","44,528,780","44,586,690","44,876,033","44,957,365","44,109,001","45,204,191","46,537,983","46,915,964","46,732,322","46,091,946","45,217,505","45,081,346","45,385,304","45,496,546","45,784,435","46,142,974","45,646,998","46,648,761","47,775,526","48,191,458","48,463,379","48,238,747","47,760,322","46,918,603","47,475,214","47,689,363","47,847,013","48,289,139","47,846,000","49,447,276","50,673,414","50,990,645","50,907,269","50,847,518","50,951,348","50,998,570","51,729,165","51,877,903","51,843,007","52,416,165","51,421,951","53,307,801","54,387,922","54,555,332","55,021,764","54,950,083","54,565,170","55,154,985","56,153,376","56,882,042","57,395,555","57,608,716","57,177,342","59,049,279","60,640,805","61,164,540","61,517,166","61,819,836","61,050,752","61,861,483","62,629,689","63,296,538","64,201,744","65,339,165","63,520,050","64,746,716","66,423,683","66,724,771","66,609,048","66,379,274","65,721,740","65,345,534","65,547,171","64,955,330","64,403,117","64,403,843","62,841,000","63,002,349","64,162,147","64,339,456","64,051,887","63,683,832","62,876,706","63,087,560","64,349,325","63,555,348","63,631,420","64,623,080","63,577,219","62,861,598","63,892,868","64,402,590","63,945,876","63,424,526","62,021,534","61,637,307","61,944,932","61,255,421","60,977,295","61,279,555","59,988,796","60,347,271","62,256,770","62,743,497","62,758,550","63,156,670","62,559,553","62,615,244","63,927,519","63,870,204","63,765,008","63,957,698","63,365,557","65,127,369","66,485,477","67,047,157","66,065,535","65,902,458","65,026,196","65,352,455","65,343,996","64,455,928","64,464,060","64,885,636","63,893,252","64,993,167","66,131,772","66,596,546","65,674,305","65,501,502","64,320,969","64,870,382","65,148,318","64,850,192","64,810,449","65,200,441","63,810,943","64,490,797","65,891,858","66,312,329","66,520,766","65,651,321","65,014,873","65,204,675","65,053,689","64,467,342","63,672,146","64,533,550","63,719,370","64,571,754","65,129,436","65,654,599","65,369,162","66,441,431","66,876,502","66,837,670","67,617,520","67,123,945","67,723,627","67,741,183","65,310,838","65,309,268","65,668,560","64,642,677","63,379,006","62,335,963","61,736,311","60,479,425","60,576,236","58,860,863","58,844,664","59,239,428","57,675,618","57,988,295","58,876,479","58,401,650","58,308,312","57,763,643","58,006,894","58,175,341","59,431,585","58,973,858","59,112,446","60,073,663","59,310,717","60,132,177","61,036,556","62,544,743","63,454,613","64,050,577","64,143,547","64,226,631","64,588,354","64,387,827","65,236,118","65,530,316","64,095,501","65,352,954","65,913,878","65,508,167","66,600,422","67,148,938","65,744,678","66,250,999","66,583,050","65,978,675","66,835,307","66,603,569","64,582,214","66,966,486","67,478,407","67,674,745","68,178,039","67,466,672","66,657,356","67,203,177","67,450,665","66,399,344","67,290,483","67,611,950","65,989,950","69,093,767","70,776,498","70,702,796","71,540,201","70,611,593","69,526,732","69,781,904","69,679,119","68,678,464","69,376,907","69,559,300","66,967,601","70,028,666","71,408,285","70,832,201","71,652,684","71,707,591","70,638,732","71,777,651","72,076,861","70,698,374","71,545,063","71,878,822","69,326,395","71,080,678","71,177,405","70,653,552","70,266,529","70,347,252","69,433,351","70,535,109","70,349,400","70,049,020","70,541,627","70,618,584","68,747,346","71,305,379","73,327,319","73,970,124","75,104,034","75,025,918","73,823,643","74,032,233","74,101,721","73,178,034","74,140,967","75,296,118","74,197,505","76,995,953","79,624,334","80,037,639","81,967,093","82,174,040","81,657,396","82,562,118","82,968,867","83,782,478","84,611,851","84,198,336","82,872,948","85,372,036","86,610,794","87,693,069","89,803,369","90,221,547","87,870,374","88,226,096","88,624,418","87,325,894","86,838,992","87,313,376","85,880,853","88,518,203","88,485,833","89,319,564","89,567,311","88,234,669","86,528,713","85,838,649","86,042,714","86,032,991","85,659,236","86,465,113","84,320,709"
,"Seasonally adjusted (x 1,000)","35,959,501","35,558,282","35,452,133","35,238,343","35,188,892","35,003,078","34,962,944","35,072,766","35,238,956","35,274,874","35,274,502","35,228,264","34,947,137","34,983,604","34,751,822","34,790,196","34,950,247","35,180,750","35,566,851","35,858,687","35,799,130","35,975,151","36,213,819","36,165,387","37,423,215","37,622,116","37,735,672","37,967,179","38,089,443","38,432,820","38,716,270","38,977,647","39,563,332","39,660,029","40,021,453","40,601,609","40,809,367","41,657,467","42,245,350","43,070,622","43,611,123","43,827,194","44,472,879","44,795,520","44,999,383","45,385,300","45,496,682","45,089,352","45,240,620","45,399,387","45,773,770","45,929,416","45,543,345","45,317,011","45,637,763","45,720,297","45,832,361","46,352,462","46,622,832","46,643,319","46,600,024","46,933,808","47,100,025","47,508,853","47,794,258","47,879,670","47,615,650","47,776,431","48,135,155","48,318,275","48,705,099","48,776,832","49,486,415","49,786,806","49,795,235","50,071,380","50,352,438","51,285,862","51,627,085","52,037,564","52,242,757","52,354,597","52,645,022","52,437,328","53,220,301","53,588,716","53,432,819","54,238,689","54,580,323","54,919,586","55,877,060","56,387,530","57,283,865","57,819,569","57,849,065","58,179,569","58,997,054","59,688,355","59,973,168","60,677,237","61,450,107","61,437,640","62,559,883","62,793,467","63,662,137","64,649,921","65,423,557","64,768,536","64,886,670","65,545,740","65,552,791","65,791,366","65,948,261","65,962,348","66,022,861","65,717,861","65,163,490","64,933,953","64,455,371","63,868,075","63,353,224","63,402,724","63,286,868","63,431,231","63,309,229","63,007,647","63,559,546","64,347,566","63,695,511","64,160,577","64,632,005","64,662,035","63,292,057","63,139,697","63,267,019","63,362,780","63,051,373","62,163,463","62,055,919","62,029,344","61,467,314","61,492,181","61,494,613","61,099,553","60,585,279","61,369,896","61,598,989","62,028,347","62,685,350","62,775,631","63,015,129","63,971,964","64,219,507","64,360,727","64,230,004","64,472,837","65,344,970","65,725,810","65,850,928","65,379,438","65,419,031","65,201,239","65,695,760","65,407,179","64,800,138","65,043,481","65,161,626","64,992,640","65,171,480","65,354,528","65,446,485","64,938,975","65,129,095","64,467,560","65,178,957","65,160,681","65,228,325","65,314,265","65,430,327","64,807,978","64,705,773","65,254,355","65,454,037","65,984,062","65,383,837","65,194,666","65,387,863","65,045,494","64,624,374","64,034,004","64,648,577","64,749,001","64,873,750","64,542,426","64,947,368","64,889,473","66,157,838","66,856,066","66,825,212","67,465,039","67,278,221","68,015,455","67,702,333","66,302,648","65,631,120","65,258,748","64,068,346","63,009,616","62,071,229","61,769,733","60,596,595","60,456,531","58,982,938","59,006,896","59,155,045","58,659,672","58,272,486","58,532,775","57,941,221","57,909,418","57,478,619","58,038,312","58,291,726","59,289,684","59,186,939","59,231,804","60,048,225","60,483,514","60,450,330","60,683,928","62,142,024","62,836,525","63,556,678","64,139,634","64,172,269","64,408,155","64,853,234","65,249,246","65,344,762","65,590,178","65,640,220","65,472,427","65,111,892","65,800,298","66,506,081","65,747,245","66,108,737","66,414,733","66,565,073","66,911,578","66,543,075","66,281,492","67,173,748","66,904,983","67,203,765","67,179,015","66,698,149","66,681,393","67,055,316","67,321,292","67,126,537","67,438,631","67,680,241","67,904,203","69,271,332","70,070,742","70,111,407","70,455,007","69,725,981","69,641,911","69,656,496","69,569,905","69,497,075","69,636,545","69,687,424","68,971,057","70,154,225","70,594,490","70,297,764","70,591,667","70,796,769","70,779,433","71,658,515","71,974,005","71,446,526","71,844,591","72,046,104","71,387,233","71,165,120","70,217,435","70,023,422","69,108,356","69,399,903","69,625,237","70,500,541","70,290,287","70,817,671","70,927,956","70,838,921","70,885,004","71,430,856","72,514,051","73,300,685","73,787,281","73,948,342","73,970,246","74,038,822","74,039,124","73,899,758","74,590,670","75,645,899","76,337,260","77,127,406","78,812,127","79,235,579","80,333,375","80,975,566","81,754,315","82,696,502","82,975,156","84,564,173","85,187,019","84,702,163","85,089,672","85,525,619","85,781,482","86,758,394","88,001,557","88,962,595","87,982,299","88,448,766","88,668,671","88,097,135","87,466,319","87,915,370","88,172,611","88,688,826","87,591,977","88,376,956","87,785,684","86,977,653","86,712,984","86,090,305","86,156,808","86,753,358","86,352,973","87,029,968","86,506,762"
"","","Ratio",,,,,,,,,,,,,,,,,,,,,,,,,,,,,,,,,,,,,,,,,,,,,,,,,,,,,,,,,,,,,,,,,,,,,,,,,,,,,,,,,,,,,,,,,,,,,,,,,,,,,,,,,,,,,,,,,,,,,,,,,,,,,,,,,,,,,,,,,,,,,,,,,,,,,,,,,,,,,,,,,,,,,,,,,,,,,,,,,,,,,,,,,,,,,,,,,,,,,,,,,,,,,,,,,,,,,,,,,,,,,,,,,,,,,,,,,,,,,,,,,,,,,,,,,,,,,,,,,,,,,,,,,,,,,,,,,,,,,,,,,,,,,,,,,,,,,,,,,,,,,,,,,,,,,,,,,,,,,,,,,,,,,,,,,,,,,,,,,,,,,,,,,,,
"Ratio of total inventory to sales","Unadjusted","1.75","1.68","1.51","1.53","1.48","1.39","1.64","1.51","1.41","1.37","1.44","1.50","1.61","1.54","1.31","1.39","1.37","1.30","1.59","1.40","1.29","1.31","1.32","1.46","1.60","1.57","1.32","1.38","1.28","1.24","1.50","1.27","1.26","1.25","1.22","1.34","1.34","1.39","1.25","1.38","1.27","1.27","1.56","1.32","1.31","1.32","1.35","1.47","1.47","1.49","1.43","1.41","1.30","1.32","1.45","1.33","1.29","1.30","1.32","1.44","1.43","1.47","1.37","1.34","1.30","1.30","1.39","1.34","1.27","1.24","1.33","1.37","1.52","1.47","1.31","1.37","1.35","1.37","1.61","1.42","1.33","1.30","1.34","1.39","1.47","1.44","1.23","1.33","1.29","1.21","1.47","1.27","1.23","1.27","1.24","1.32","1.42","1.39","1.22","1.40","1.24","1.24","1.52","1.28","1.31","1.26","1.31","1.43","1.46","1.58","1.37","1.46","1.32","1.37","1.61","1.39","1.45","1.39","1.40","1.58","1.51","1.53","1.39","1.33","1.26","1.31","1.46","1.31","1.30","1.25","1.34","1.47","1.42","1.45","1.31","1.35","1.29","1.31","1.41","1.35","1.22","1.21","1.30","1.35","1.41","1.41","1.20","1.27","1.24","1.19","1.40","1.27","1.25","1.28","1.30","1.41","1.42","1.44","1.30","1.33","1.27","1.23","1.48","1.24","1.22","1.23","1.26","1.35","1.36","1.42","1.23","1.34","1.22","1.19","1.39","1.22","1.28","1.27","1.27","1.35","1.35","1.42","1.23","1.31","1.21","1.25","1.40","1.27","1.32","1.23","1.28","1.46","1.42","1.40","1.35","1.31","1.25","1.24","1.30","1.33","1.29","1.28","1.47","1.60","1.73","1.74","1.55","1.57","1.58","1.47","1.50","1.48","1.38","1.37","1.41","1.41","1.48","1.50","1.27","1.33","1.27","1.23","1.39","1.32","1.28","1.29","1.32","1.36","1.39","1.45","1.25","1.40","1.34","1.32","1.46","1.30","1.28","1.31","1.30","1.36","1.42","1.44","1.27","1.39","1.28","1.29","1.45","1.32","1.36","1.31","1.33","1.45","1.46","1.49","1.36","1.40","1.31","1.35","1.43","1.34","1.33","1.27","1.33","1.42","1.47","1.52","1.35","1.43","1.31","1.29","1.35","1.36","1.26","1.26","1.37","1.34","1.50","1.58","1.32","1.46","1.40","1.30","1.42","1.39","1.34","1.38","1.40","1.40","1.49","1.49","1.35","1.42","1.35","1.28","1.48","1.31","1.31","1.36","1.31","1.35","1.42","1.49","1.29","1.45","1.28","1.28","1.48","1.32","1.33","1.34","1.30","1.42","1.47","1.55","1.37","1.48","1.34","1.34","1.47","1.38","1.46","1.39","1.43","1.57","1.58","1.68","1.47","1.57","1.42","1.48","1.58","1.51","1.49","1.45","1.52","1.59","1.68","1.71","1.70","2.50","2.11","1.64","1.66","1.64","1.53","1.53","1.59","1.60"
,"Seasonally adjusted","1.60","1.56","1.56","1.53","1.52","1.48","1.50","1.49","1.50","1.46","1.47","1.45","1.44","1.42","1.37","1.39","1.40","1.41","1.43","1.40","1.36","1.38","1.38","1.41","1.43","1.44","1.37","1.37","1.33","1.33","1.33","1.30","1.33","1.31","1.28","1.28","1.23","1.28","1.31","1.34","1.34","1.36","1.41","1.35","1.38","1.40","1.40","1.39","1.38","1.40","1.44","1.41","1.37","1.35","1.33","1.35","1.34","1.40","1.36","1.38","1.34","1.35","1.37","1.35","1.35","1.36","1.28","1.35","1.34","1.35","1.35","1.33","1.39","1.36","1.34","1.36","1.38","1.46","1.50","1.42","1.41","1.38","1.37","1.34","1.34","1.33","1.30","1.32","1.32","1.30","1.32","1.29","1.29","1.32","1.29","1.27","1.29","1.33","1.29","1.34","1.32","1.32","1.35","1.33","1.35","1.33","1.35","1.35","1.38","1.45","1.42","1.42","1.41","1.44","1.47","1.45","1.46","1.50","1.45","1.46","1.43","1.39","1.38","1.36","1.36","1.34","1.35","1.35","1.34","1.35","1.36","1.38","1.34","1.33","1.33","1.36","1.36","1.38","1.31","1.36","1.29","1.30","1.29","1.29","1.30","1.29","1.27","1.27","1.28","1.27","1.29","1.30","1.31","1.31","1.33","1.34","1.30","1.31","1.34","1.33","1.33","1.33","1.35","1.31","1.28","1.27","1.29","1.26","1.26","1.30","1.29","1.29","1.31","1.28","1.29","1.28","1.31","1.33","1.31","1.24","1.29","1.30","1.27","1.28","1.29","1.31","1.32","1.32","1.32","1.31","1.31","1.36","1.36","1.31","1.34","1.32","1.30","1.29","1.26","1.32","1.33","1.36","1.44","1.56","1.63","1.58","1.60","1.56","1.62","1.57","1.47","1.48","1.43","1.43","1.41","1.38","1.36","1.36","1.34","1.31","1.29","1.31","1.33","1.34","1.33","1.32","1.36","1.33","1.29","1.32","1.33","1.36","1.39","1.41","1.37","1.35","1.34","1.34","1.33","1.31","1.33","1.35","1.33","1.33","1.34","1.34","1.37","1.37","1.37","1.39","1.36","1.38","1.40","1.35","1.37","1.38","1.37","1.38","1.39","1.37","1.36","1.35","1.35","1.38","1.41","1.38","1.38","1.39","1.35","1.35","1.32","1.36","1.33","1.33","1.36","1.33","1.40","1.43","1.38","1.42","1.41","1.39","1.38","1.39","1.40","1.43","1.42","1.40","1.35","1.40","1.41","1.37","1.39","1.37","1.38","1.36","1.37","1.37","1.36","1.32","1.32","1.35","1.36","1.36","1.35","1.37","1.40","1.38","1.37","1.38","1.36","1.37","1.40","1.40","1.39","1.43","1.42","1.39","1.40","1.43","1.47","1.46","1.49","1.51","1.51","1.52","1.49","1.51","1.50","1.51","1.54","1.54","1.54","1.53","1.56","1.56","1.59","1.57","1.75","2.42","2.14","1.74","1.61","1.63","1.61","1.60","1.62","1.60"
"Ratio of finished goods to sales","Unadjusted","0.62","0.60","0.55","0.55","0.53","0.50","0.58","0.53","0.49","0.48","0.50","0.51","0.55","0.53","0.46","0.48","0.47","0.45","0.54","0.47","0.44","0.44","0.45","0.48","0.53","0.53","0.45","0.48","0.44","0.43","0.51","0.43","0.42","0.41","0.41","0.44","0.44","0.46","0.42","0.47","0.43","0.43","0.52","0.44","0.43","0.43","0.45","0.48","0.49","0.50","0.48","0.48","0.44","0.45","0.48","0.44","0.42","0.43","0.45","0.48","0.49","0.50","0.47","0.46","0.45","0.46","0.47","0.46","0.42","0.41","0.44","0.45","0.50","0.48","0.44","0.45","0.45","0.45","0.52","0.46","0.43","0.41","0.43","0.44","0.47","0.46","0.40","0.43","0.41","0.39","0.46","0.40","0.39","0.39","0.39","0.40","0.43","0.43","0.37","0.43","0.39","0.39","0.47","0.40","0.40","0.38","0.40","0.44","0.45","0.49","0.43","0.47","0.42","0.44","0.52","0.44","0.46","0.44","0.45","0.50","0.49","0.49","0.45","0.43","0.40","0.41","0.45","0.40","0.41","0.40","0.43","0.47","0.46","0.47","0.44","0.46","0.44","0.45","0.48","0.45","0.41","0.40","0.43","0.44","0.48","0.48","0.41","0.44","0.43","0.41","0.47","0.42","0.42","0.43","0.44","0.48","0.49","0.50","0.45","0.47","0.45","0.44","0.52","0.43","0.41","0.42","0.43","0.45","0.47","0.49","0.42","0.46","0.42","0.41","0.47","0.42","0.44","0.44","0.45","0.48","0.47","0.51","0.44","0.46","0.43","0.45","0.50","0.44","0.47","0.43","0.45","0.51","0.50","0.49","0.48","0.47","0.45","0.44","0.46","0.47","0.46","0.45","0.51","0.55","0.60","0.59","0.54","0.54","0.55","0.50","0.51","0.50","0.46","0.46","0.47","0.47","0.50","0.50","0.43","0.45","0.43","0.41","0.47","0.44","0.43","0.43","0.44","0.45","0.46","0.48","0.42","0.48","0.46","0.44","0.50","0.44","0.42","0.43","0.42","0.43","0.46","0.48","0.42","0.46","0.42","0.42","0.48","0.43","0.45","0.43","0.44","0.48","0.48","0.49","0.45","0.47","0.43","0.45","0.47","0.44","0.43","0.41","0.43","0.46","0.48","0.50","0.45","0.48","0.45","0.44","0.45","0.45","0.42","0.41","0.45","0.44","0.48","0.51","0.43","0.48","0.46","0.43","0.45","0.45","0.43","0.44","0.45","0.45","0.47","0.48","0.43","0.46","0.44","0.42","0.48","0.43","0.43","0.45","0.44","0.45","0.47","0.50","0.43","0.49","0.43","0.43","0.50","0.43","0.43","0.44","0.43","0.47","0.49","0.51","0.46","0.50","0.44","0.44","0.48","0.45","0.47","0.44","0.46","0.51","0.52","0.56","0.49","0.53","0.48","0.49","0.52","0.49","0.48","0.46","0.49","0.51","0.54","0.56","0.54","0.80","0.68","0.52","0.53","0.52","0.48","0.48","0.51","0.51"
,"Seasonally adjusted","0.57","0.56","0.56","0.54","0.54","0.52","0.53","0.53","0.53","0.52","0.52","0.51","0.50","0.49","0.47","0.48","0.48","0.48","0.49","0.48","0.46","0.47","0.47","0.48","0.48","0.49","0.47","0.47","0.45","0.45","0.45","0.44","0.45","0.44","0.43","0.42","0.41","0.43","0.44","0.45","0.45","0.45","0.47","0.45","0.45","0.46","0.47","0.46","0.46","0.47","0.49","0.48","0.46","0.45","0.45","0.45","0.44","0.47","0.46","0.47","0.46","0.47","0.47","0.46","0.46","0.47","0.44","0.46","0.45","0.45","0.45","0.45","0.46","0.45","0.45","0.45","0.45","0.48","0.49","0.46","0.46","0.45","0.44","0.43","0.44","0.43","0.42","0.42","0.42","0.41","0.41","0.41","0.41","0.41","0.40","0.39","0.40","0.41","0.39","0.41","0.41","0.41","0.42","0.41","0.42","0.41","0.42","0.42","0.43","0.45","0.45","0.45","0.45","0.46","0.47","0.47","0.47","0.48","0.47","0.47","0.46","0.45","0.44","0.43","0.42","0.41","0.41","0.41","0.42","0.43","0.44","0.45","0.44","0.43","0.44","0.45","0.46","0.47","0.44","0.46","0.44","0.44","0.43","0.43","0.44","0.44","0.43","0.43","0.43","0.43","0.43","0.44","0.45","0.45","0.46","0.46","0.45","0.45","0.46","0.47","0.47","0.47","0.47","0.46","0.44","0.43","0.44","0.43","0.43","0.45","0.44","0.44","0.45","0.43","0.44","0.44","0.45","0.47","0.46","0.44","0.45","0.46","0.45","0.45","0.46","0.47","0.47","0.46","0.47","0.46","0.46","0.48","0.48","0.46","0.47","0.47","0.46","0.46","0.45","0.47","0.47","0.48","0.51","0.54","0.56","0.54","0.55","0.53","0.55","0.53","0.49","0.50","0.48","0.48","0.47","0.47","0.46","0.46","0.45","0.44","0.43","0.44","0.45","0.45","0.45","0.45","0.46","0.44","0.43","0.44","0.44","0.46","0.47","0.46","0.46","0.45","0.44","0.44","0.44","0.42","0.44","0.45","0.44","0.44","0.44","0.44","0.45","0.45","0.45","0.46","0.45","0.46","0.46","0.44","0.45","0.46","0.45","0.46","0.46","0.45","0.45","0.44","0.44","0.45","0.46","0.45","0.46","0.46","0.45","0.45","0.44","0.45","0.44","0.44","0.45","0.44","0.45","0.47","0.44","0.46","0.46","0.45","0.44","0.45","0.45","0.46","0.46","0.45","0.43","0.45","0.45","0.44","0.44","0.44","0.45","0.45","0.45","0.46","0.46","0.44","0.44","0.45","0.45","0.45","0.45","0.45","0.47","0.45","0.45","0.46","0.45","0.45","0.46","0.46","0.46","0.47","0.46","0.45","0.46","0.47","0.48","0.48","0.49","0.50","0.49","0.50","0.49","0.50","0.50","0.49","0.50","0.50","0.50","0.50","0.51","0.51","0.52","0.51","0.55","0.76","0.69","0.55","0.51","0.52","0.51","0.51","0.52","0.51"

Symbol legend:

Footnotes:
1,"All data up to December 2003 are calibrated to levels from the Annual Survey of Manufactures and Logging (ASML). Starting in January 2004, the data are reconciled with the ASML, but the aggregate industry estimates may be different."
2,"Beginning with reference year 2009, the data are classified by industry based on the North American Industry Classification System (NAICS) 2012."
3,"With the release on May 16, 2019, the Monthly Survey of Manufacturing (MSM) has published revised estimates. Estimates of sales of goods manufactured, inventories and orders have been revised back to January 2013 for the unadjusted data, and back to January 2011 for the seasonally adjusted data."

"How to cite: Statistics Canada. Table 16-10-0047-01 Manufacturers' sales, inventories, orders and inventory to sales ratios, by industry (dollars unless otherwise noted)"
https://www150.statcan.gc.ca/t1/tbl1/en/tv.action?pid=1610004701
DOI: https://doi.org/10.25318/1610004701-eng